text,value
74.60818978697968 % Andrej Babiš,49.21637957395936
