gain,STRANA,counted
13.542693544657041,1,63.0
0.17718638785022287,2,63.0
2.9076495738725763,3,63.0
2.643099958877246,4,63.0
0.8991897720817524,5,63.0
11.658005845057895,6,63.0
3.7897536594250054,7,63.0
17.72652322570405,8,63.0
19.948920216642207,9,63.0
19.60242482316926,10,63.0
7.104552992662737,11,63.0
