gain,STRANA,counted
3.2980342795895,1,72.0
2.6866287322695626,2,72.0
3.5245766777119365,3,72.0
4.340715959651793,4,72.0
2.927843986232187,5,72.0
19.15714980261701,6,72.0
5.306265563752854,7,72.0
2.6704328838463276,8,72.0
10.338651852371001,9,72.0
0.727693561659587,10,72.0
16.602272735666336,11,72.0
2.6122604737591373,12,72.0
12.436546093876172,13,72.0
13.370927396996596,14,72.0
