gain,STRANA,counted
10.614015138117107,1,49.0
14.312873885991667,2,49.0
17.4915231107804,3,49.0
8.660608726146904,4,49.0
19.325750973285,5,49.0
3.749908893279049,6,49.0
3.0805405052340413,7,49.0
1.9382800739101425,8,49.0
0.31853939889758376,9,49.0
17.102381120489536,10,49.0
3.405578173868574,11,49.0
