gain,STRANA,counted
4.521729925470427,1,43.0
6.013883680073339,2,43.0
5.184571430541334,3,43.0
13.608930701148239,4,43.0
6.374412142448301,5,43.0
16.715892552993143,6,43.0
0.07077010566885836,7,43.0
2.0915886137535944,8,43.0
16.376568112342696,9,43.0
3.573054749971484,10,43.0
14.692187533066614,11,43.0
10.776410452521967,12,43.0
