gain,STRANA,counted
2.4670013343545043,1,84.0
20.205545694363988,2,84.0
3.894826805735764,3,84.0
13.409334309725429,4,84.0
6.333146618976803,5,84.0
12.51213749900064,6,84.0
17.91662050074734,7,84.0
3.627244654872022,8,84.0
2.5120414014941432,9,84.0
2.7862461220674035,10,84.0
14.335855058661966,11,84.0
