gain,STRANA,counted
7.409449355444189,1,100.0
1.9194971163793373,2,100.0
5.571954233749822,3,100.0
5.292651877915369,4,100.0
4.3864485315525705,5,100.0
1.349819425258163,6,100.0
1.0243667494688067,7,100.0
26.667915925886927,8,100.0
0.15176950857652588,9,100.0
0.1776322717727298,10,100.0
12.108883781724474,11,100.0
11.945731560004708,12,100.0
5.931167881855181,13,100.0
10.910369264506379,14,100.0
0.1453425344888465,15,100.0
5.006999981415979,16,100.0
