gain,STRANA,counted
0.04279560611488571,1,95.0
1.6714076965939733,2,95.0
3.022631083589754,3,95.0
4.799571059602763,4,95.0
16.411505307403214,5,95.0
0.3639640779825023,6,95.0
7.044582939876314,7,95.0
4.808618613001089,8,95.0
2.320533587959122,9,95.0
14.213973641508007,10,95.0
5.449498627471277,11,95.0
21.26850545182031,12,95.0
6.441629025323632,13,95.0
12.140783281753153,14,95.0
