gain,STRANA,counted
10.287466823259248,1,97.0
0.1841970326187087,2,97.0
31.887711540824153,3,97.0
8.823452359154372,4,97.0
0.3851061159444893,5,97.0
9.683789999612092,6,97.0
12.036155899102303,7,97.0
8.710110393797779,8,97.0
0.010191263746872991,9,97.0
4.123434565157722,10,97.0
4.928418168639491,11,97.0
1.559961225897222,12,97.0
7.380004612245555,13,97.0
