gain,STRANA,counted
0.6281975219129337,1,95.0
11.619749033071265,2,95.0
6.612878265926689,3,95.0
4.813998483423044,4,95.0
6.8202742955067315,5,95.0
4.936085807517141,6,95.0
21.94545694812242,7,95.0
2.71481516761,8,95.0
22.355469515488572,9,95.0
3.6259625061449854,10,95.0
5.67149169210935,11,95.0
0.4837687265077908,12,95.0
6.424949803591989,13,95.0
0.059946840193977086,14,95.0
0.3925721675962339,15,95.0
0.8943832252768801,16,95.0
