gain,STRANA,counted
2.6998028971876513,1,100.0
7.3404822743659786,2,100.0
6.769220242326532,3,100.0
16.97227290521859,4,100.0
11.777775305258306,5,100.0
5.568040713766352,6,100.0
6.787973003163009,7,100.0
2.0953016279573555,8,100.0
0.6360262140620789,9,100.0
20.650311717235965,10,100.0
2.8202630043186954,11,100.0
8.48065786466781,12,100.0
3.6430158652503244,13,100.0
2.9729474212198843,14,100.0
0.7859089440014699,15,100.0
