gain,STRANA,counted
5.023298289124719,1,96.0
2.7211690455806576,2,96.0
0.39959757259715345,3,96.0
5.98198539748393,4,96.0
0.004510759172906385,5,96.0
32.945371636348334,6,96.0
0.002356980010550481,7,96.0
11.854298640647583,8,96.0
6.7751908429966825,9,96.0
4.026741979298253,10,96.0
8.5501503980536,11,96.0
2.7517528184449045,12,96.0
0.15022213442630927,13,96.0
9.797576724258311,14,96.0
9.015776781556099,15,96.0
