gain,STRANA,counted
7.1815705381842845,1,97.0
11.332808420694688,2,97.0
6.15107285548795,3,97.0
0.10875788375389672,4,97.0
14.52568694562681,5,97.0
5.142979820382187,6,97.0
8.974504169461742,7,97.0
5.811441365598946,8,97.0
0.6953560487675036,9,97.0
0.008122336681966257,10,97.0
4.1816386796838225,11,97.0
3.8842209188921757,12,97.0
26.641699667185893,13,97.0
4.935376866678441,14,97.0
0.4247634829196968,15,97.0
