gain,STRANA,counted
4.238087627959322,1,96.0
4.671217258168059,2,96.0
31.993377029273308,3,96.0
8.348356392311825,4,96.0
21.415825759253714,5,96.0
5.26241836765242,6,96.0
3.6102235678581347,7,96.0
1.5700283904016887,8,96.0
3.0450209642357673,9,96.0
13.24628393101112,10,96.0
0.47116039381600755,11,96.0
2.1280003180586404,12,96.0
