gain,STRANA,counted
10.264309700447804,1,100.0
4.1008466508788946,2,100.0
15.663944450164651,3,100.0
23.82725215094844,4,100.0
10.20560231072286,5,100.0
6.778355217641842,6,100.0
4.778239609243615,7,100.0
4.201010489655758,8,100.0
3.33006378332096,9,100.0
6.842301112911471,10,100.0
0.41989331512501066,11,100.0
6.145128280162504,12,100.0
3.443052928776195,13,100.0
