gain,STRANA,counted
2.828176461424484,1,71.0
2.453462795594654,2,71.0
12.233362154833346,3,71.0
1.3269833994199443,4,71.0
4.144035886390668,5,71.0
20.288569334218604,6,71.0
16.974361417469737,7,71.0
24.46050652609837,8,71.0
15.290542024550199,9,71.0
