gain,STRANA,counted
14.778385948087594,1,16.0
4.755198506143776,2,16.0
1.2585333804662442,3,16.0
12.722416354789038,4,16.0
2.5927706539356725,5,16.0
22.102627219613485,6,16.0
1.769884379555986,7,16.0
14.589045482683382,8,16.0
13.646378179406845,9,16.0
11.784759895317979,10,16.0
