gain,STRANA,counted
2.7099611688823524,1,92.0
2.3069463210513357,2,92.0
12.26893811832455,3,92.0
1.327244332783278,4,92.0
4.009823992569218,5,92.0
20.229658546327386,6,92.0
16.93400603374432,7,92.0
24.90561932678269,8,92.0
15.307802159534873,9,92.0
