gain,STRANA,counted
14.054802694333054,1,39.0
5.26418281142987,2,39.0
1.4567879271358029,3,39.0
13.101818087002082,4,39.0
2.757745405770124,5,39.0
21.256496087830122,6,39.0
1.9179972819826818,7,39.0
14.449777654951943,8,39.0
13.614584805632255,9,39.0
12.125807243932067,10,39.0
