gain,STRANA,counted
3.0640953210863344,1,67.0
4.877939383471373,2,67.0
7.162108912749784,3,67.0
20.06444865418824,4,67.0
4.660540482543231,5,67.0
9.905670547522492,6,67.0
21.361358061365788,7,67.0
12.338387721431543,8,67.0
0.8624931298601192,9,67.0
0.5828345032377927,10,67.0
0.67358282209975,11,67.0
14.446540460443552,12,67.0
