gain,STRANA,counted
3.0212671452973483,1,78.0
4.888087949761063,2,78.0
6.934164596053348,3,78.0
21.04894103454738,4,78.0
4.367565371401941,5,78.0
9.989964109522932,6,78.0
21.37091607323018,7,78.0
11.980893543813345,8,78.0
0.8891904433501084,9,78.0
0.5839740678806195,10,78.0
0.6627444870285365,11,78.0
14.262291178113202,12,78.0
