gain,STRANA,counted
3.0043056065878235,1,85.0
4.82255828990695,2,85.0
6.909538810643992,3,85.0
21.124232254513103,4,85.0
4.355472924766525,5,85.0
10.206116677701933,6,85.0
21.33297921293647,7,85.0
11.818310471365265,8,85.0
0.8709362374677643,9,85.0
0.5606375853828923,10,85.0
0.65503377761481,11,85.0
14.339878151112476,12,85.0
