gain,STRANA,counted
13.82596400665173,1,73.0
5.301295720948847,2,73.0
1.6164268170902478,3,73.0
12.70698403846502,4,73.0
2.660144194158815,5,73.0
21.730359120807275,6,73.0
2.16266213662258,7,73.0
14.679634754278931,8,73.0
13.015275601496413,9,73.0
12.30125360948014,10,73.0
