gain,STRANA,counted
2.8690594974169588,1,47.0
5.106431345019399,2,47.0
7.106014846219202,3,47.0
21.38563236339594,4,47.0
4.477898269979705,5,47.0
9.114827800447353,6,47.0
21.657713664917956,7,47.0
12.169493285928676,8,47.0
0.9151158639568323,9,47.0
0.5932806039618914,10,47.0
0.6630820837695716,11,47.0
13.94145037498652,12,47.0
