gain,STRANA,counted
2.8176414276876884,1,17.0
5.343119230413629,2,17.0
8.015342208971955,3,17.0
19.948867267053704,4,17.0
4.833152901517339,5,17.0
7.62401498530422,6,17.0
20.535884938577443,7,17.0
12.830587496674827,8,17.0
0.8825114576814758,9,17.0
0.6439654956187192,10,17.0
0.8778185609166848,11,17.0
15.647094029582306,12,17.0
