gain,STRANA,counted
2.798410783276267,1,65.0
2.523420625391383,2,65.0
12.302058368238647,3,65.0
1.271726639593,4,65.0
4.118318474448513,5,65.0
19.91276599001792,6,65.0
16.99386853308392,7,65.0
24.63985769854231,8,65.0
15.439572887408042,9,65.0
