gain,STRANA,counted
3.007930644432653,1,32.0
5.208700943613539,2,32.0
7.106959713928383,3,32.0
19.362129345198117,4,32.0
4.309752390591607,5,32.0
8.648370261617336,6,32.0
22.3115658157066,7,32.0
12.380698855146228,8,32.0
0.967464879727072,9,32.0
0.662958281515832,10,32.0
0.7278775560294827,11,32.0
15.30559131249315,12,32.0
