gain,STRANA,counted
14.10966859019839,1,34.0
5.163279455898976,2,34.0
1.4919595879219094,3,34.0
13.219115869902524,4,34.0
2.724546832232988,5,34.0
21.21265643901472,6,34.0
1.930045484539026,7,34.0
14.39098556426317,8,34.0
13.506776861949366,9,34.0
12.250965314078927,10,34.0
