gain,STRANA,counted
2.733698975648791,1,12.0
2.458282486510931,2,12.0
11.701138081774388,3,12.0
1.3390577310362146,4,12.0
4.732581303527857,5,12.0
20.910435935830947,6,12.0
16.064687369500795,7,12.0
23.99722343068891,8,12.0
16.062894685481172,9,12.0
