gain,STRANA,counted
13.866321931548558,1,73.0
5.290353130869817,2,73.0
1.6116005597386467,3,73.0
12.752763263644823,4,73.0
2.652198006125861,5,73.0
21.720704247107026,6,73.0
2.170554743279158,7,73.0
14.694514643000439,8,73.0
12.989823737657863,9,73.0
12.251165737027804,10,73.0
