gain,STRANA,counted
2.7416947648071606,1,39.0
2.5382428518471194,2,39.0
12.356334247704417,3,39.0
1.2227158698304348,4,39.0
4.235216716716369,5,39.0
20.01032265209868,6,39.0
17.099149485119256,7,39.0
24.114123133415497,8,39.0
15.682200278461067,9,39.0
