gain,STRANA,counted
13.837778780223854,1,94.0
5.3395224772966365,2,94.0
1.6171996356744802,3,94.0
12.903225313283182,4,94.0
2.6776454852889584,5,94.0
21.689595666252384,6,94.0
2.2936664309831682,7,94.0
14.687843145173623,8,94.0
12.766115915007829,9,94.0
12.187407150815883,10,94.0
