gain,STRANA,counted
2.748517583387056,1,82.0
2.349594161195016,2,82.0
12.17150788855243,3,82.0
1.324321351195402,4,82.0
4.110509109997755,5,82.0
20.42716591546413,6,82.0
16.952528904289395,7,82.0
24.590742764312257,8,82.0
15.325112321606554,9,82.0
