gain,STRANA,counted
13.860654300168893,1,86.0
5.3546837835172045,2,86.0
1.6276364593844899,3,86.0
12.92114244169144,4,86.0
2.623324077159491,5,86.0
21.718638325262305,6,86.0
2.2414398914436426,7,86.0
14.68403016199684,8,86.0
12.763905714635543,9,86.0
12.20454484474015,10,86.0
