gain,STRANA,counted
2.75593154529811,1,59.0
2.5442235653053387,2,59.0
12.532865511362631,3,59.0
1.274564420919546,4,59.0
4.17320717420801,5,59.0
19.573086023351777,6,59.0
17.156518030309233,7,59.0
24.625204802874595,8,59.0
15.364398926370763,9,59.0
