gain,STRANA,counted
2.7175625797843006,1,93.0
2.3026858836480866,2,93.0
12.301577219728477,3,93.0
1.3212491424370603,4,93.0
3.9974850698260886,5,93.0
20.267915589877454,6,93.0
16.936029553525543,7,93.0
24.878747782593873,8,93.0
15.27674717857912,9,93.0
