gain,STRANA,counted
2.935953048795266,1,57.0
4.979617894008917,2,57.0
7.225916393522884,3,57.0
20.193270997071284,4,57.0
4.8320714765047335,5,57.0
9.330660214263196,6,57.0
21.903471292437583,7,57.0
12.474746063406522,8,57.0
0.8752378667015562,9,57.0
0.5971242142183757,10,57.0
0.6961349620221371,11,57.0
13.955795577047548,12,57.0
