gain,STRANA,counted
2.7528973099526195,1,76.0
2.3796576811835592,2,76.0
12.294472849494145,3,76.0
1.3320652729805293,4,76.0
4.153271061674343,5,76.0
20.307896116705717,6,76.0
17.00272543166428,7,76.0
24.466300556063278,8,76.0
15.310713720281527,9,76.0
