gain,STRANA,counted
13.779408689248818,1,61.0
5.405279040968645,2,61.0
1.684049490397068,3,61.0
13.00175501823166,4,61.0
2.7563040441834796,5,61.0
21.626218301178483,6,61.0
1.989919162374975,7,61.0
14.452533719753935,8,61.0
12.995669145833716,9,61.0
12.30886338782922,10,61.0
