gain,STRANA,counted
14.240546736584658,1,33.0
5.1898800399913645,2,33.0
1.4980025766496048,3,33.0
13.015633677681585,4,33.0
2.7092956888212822,5,33.0
21.156833839450485,6,33.0
1.9063972440996584,7,33.0
14.465238252111195,8,33.0
13.533072881632368,9,33.0
12.28509906297779,10,33.0
