gain,STRANA,counted
2.7436972387478673,1,81.0
2.3701496708518093,2,81.0
12.168152947128482,3,81.0
1.3281229658123885,4,81.0
4.112519943208783,5,81.0
20.387899309101833,6,81.0
16.98755540072774,7,81.0
24.596591109677128,8,81.0
15.305311414743972,9,81.0
