gain,STRANA,counted
14.290516768618101,1,28.0
5.103085248391443,2,28.0
1.4772295936663733,3,28.0
12.931999161399299,4,28.0
2.6812292480957383,5,28.0
21.307901040050815,6,28.0
1.9203023873958134,7,28.0
14.583283540337161,8,28.0
13.548265757827501,9,28.0
12.156187254217754,10,28.0
