gain,STRANA,counted
13.948357345087944,1,49.0
5.469586812085196,2,49.0
1.4821518255186903,3,49.0
12.952553200103303,4,49.0
2.841830204000726,5,49.0
21.646705255114032,6,49.0
1.919367805183034,7,49.0
14.391752560658164,8,49.0
13.136652961433926,9,49.0
12.211042030814982,10,49.0
