gain,STRANA,counted
14.100756472738968,1,43.0
5.352741347277337,2,43.0
1.4815040579930123,3,43.0
13.05407674275387,4,43.0
2.737282382634292,5,43.0
21.394001515528725,6,43.0
1.9327986621576265,7,43.0
14.418518835465525,8,43.0
13.206227461629322,9,43.0
12.322092521821327,10,43.0
