gain,STRANA,counted
2.9526022412294086,1,92.0
4.839216954846488,2,92.0
7.005548448997764,3,92.0
21.06068706626774,4,92.0
4.4335128510534245,5,92.0
10.44683528995803,6,92.0
21.559217317307766,7,92.0
11.511914336414042,8,92.0
0.8520058377966356,9,92.0
0.5401891092167364,10,92.0
0.6633202673270613,11,92.0
14.134950279584904,12,92.0
