gain,STRANA,counted
2.8218292360186883,1,71.0
2.4530973877267095,2,71.0
12.217598663070127,3,71.0
1.3167228617660132,4,71.0
4.174242203313764,5,71.0
20.26185184008435,6,71.0
16.98340888345967,7,71.0
24.478683169339718,8,71.0
15.292565755220963,9,71.0
