gain,STRANA,counted
13.432440977474581,1,5.0
5.065403742521912,2,5.0
0.9655114828050065,3,5.0
11.93185138120931,4,5.0
2.212057365684133,5,5.0
23.21227594781584,6,5.0
1.948754507282334,7,5.0
13.601896417832995,8,5.0
13.976008503909378,9,5.0
13.653799673464507,10,5.0
