gain,STRANA,counted
13.801198159663883,1,58.0
5.484778588410623,2,58.0
1.5288259033686202,3,58.0
12.936554640531794,4,58.0
2.8011541071163526,5,58.0
21.64404786529911,6,58.0
1.9891993868125009,7,58.0
14.455488494826103,8,58.0
13.190510096294176,9,58.0
12.168242757676834,10,58.0
