gain,STRANA,counted
2.921119256546974,1,40.0
4.956256936576656,2,40.0
7.235483969368775,3,40.0
20.986561121462728,4,40.0
4.610549987428703,5,40.0
8.71153342904757,6,40.0
21.586928788363892,7,40.0
12.470025863933484,8,40.0
0.9864882292521048,9,40.0
0.6180690543752239,10,40.0
0.7012997314607363,11,40.0
14.21568363218315,12,40.0
