gain,STRANA,counted
13.843349757957887,1,74.0
5.320954113876912,2,74.0
1.6202054170174132,3,74.0
12.7639267270217,4,74.0
2.646771702693985,5,74.0
21.698867474849422,6,74.0
2.172499451830721,7,74.0
14.64745738987632,8,74.0
12.956962003804676,9,74.0
12.329005961070955,10,74.0
