gain,STRANA,counted
2.821797218657357,1,73.0
2.4296269955134555,2,73.0
12.27398705422964,3,73.0
1.3219365548759254,4,73.0
4.1624904925815995,5,73.0
20.300530252449875,6,73.0
16.994198968664538,7,73.0
24.397690168787978,8,73.0
15.297742294239637,9,73.0
