gain,STRANA,counted
14.450865027318752,1,25.0
5.0787196288687895,2,25.0
1.41763998567598,3,25.0
13.108175402102033,4,25.0
2.845875047420348,5,25.0
21.372395992673784,6,25.0
1.8880988954656306,7,25.0
14.331546741062906,8,25.0
13.354119293106598,9,25.0
12.15256398630518,10,25.0
