gain,STRANA,counted
14.014750782850763,1,36.0
5.21566573111624,2,36.0
1.4882610099563223,3,36.0
13.268023683214167,4,36.0
2.7476966537062997,5,36.0
21.082298569879804,6,36.0
1.945497709403447,7,36.0
14.439918960072282,8,36.0
13.435865586743938,9,36.0
12.362021313056735,10,36.0
