gain,STRANA,counted
13.8050685945658,1,88.0
5.402588982747638,2,88.0
1.6323383315286508,3,88.0
12.955474628613207,4,88.0
2.6056933747966853,5,88.0
21.74372934573044,6,88.0
2.2710195085381226,7,88.0
14.600161428039444,8,88.0
12.8212764331011,9,88.0
12.162649372338914,10,88.0
