gain,STRANA,counted
3.088276500775901,1,22.0
5.174760541569479,2,22.0
7.586314353098827,3,22.0
19.986829605667022,4,22.0
4.684967785479332,5,22.0
8.569137628908715,6,22.0
21.315294630558355,7,22.0
12.641449444599601,8,22.0
0.910036647330815,9,22.0
0.6966604338043474,10,22.0
0.8889413147447232,11,22.0
14.457331113462878,12,22.0
