gain,STRANA,counted
2.8015368074218383,1,65.0
2.5368428653144512,2,65.0
12.378863661405115,3,65.0
1.2788675074462519,4,65.0
4.119925438982384,5,65.0
19.80501528668913,6,65.0
17.01178835685552,7,65.0
24.607212414996777,8,65.0
15.459947660888531,9,65.0
