gain,STRANA,counted
2.7426859505274184,1,15.0
2.707602833475727,2,15.0
11.807840178322149,3,15.0
1.4144913106776524,4,15.0
4.865404806702454,5,15.0
20.615695472190495,6,15.0
16.06632826327309,7,15.0
23.649998527380983,8,15.0
16.129952657450033,9,15.0
