gain,STRANA,counted
2.7100148704061,1,97.0
2.293881261891215,2,97.0
12.234114250496145,3,97.0
1.3131035320573112,4,97.0
3.980330394309824,5,97.0
20.35506769912895,6,97.0
16.898287805723463,7,97.0
24.93168309478261,8,97.0
15.283517091204384,9,97.0
