gain,STRANA,counted
13.846485635422098,1,56.0
5.516049625962448,2,56.0
1.553945857630365,3,56.0
12.906476713675264,4,56.0
2.808397735399714,5,56.0
21.593605175130335,6,56.0
1.9861461399442881,7,56.0
14.411259193506549,8,56.0
13.160760890885614,9,56.0
12.216873032443328,10,56.0
