gain,STRANA,counted
2.6944345486633057,1,96.0
2.3080449264435763,2,96.0
12.276507665393185,3,96.0
1.3236771992094793,4,96.0
3.974385378512171,5,96.0
20.35629871656358,6,96.0
16.889335157602595,7,96.0
24.902706625664987,8,96.0
15.274609781947124,9,96.0
