gain,STRANA,counted
2.6997896596053064,1,95.0
2.308898362834733,2,95.0
12.275836621195612,3,95.0
1.3195559853931167,4,95.0
3.9863702179556357,5,95.0
20.3099899980253,6,95.0
16.91537525641043,7,95.0
24.887397639207453,8,95.0
15.296786259372414,9,95.0
