gain,STRANA,counted
2.716442721737555,1,42.0
2.604335333990941,2,42.0
12.594316755581037,3,42.0
1.232353122856891,4,42.0
4.2365613045924535,5,42.0
20.068965948653034,6,42.0
16.896001197065857,7,42.0
24.185843656254207,8,42.0
15.465179959268028,9,42.0
