gain,STRANA,counted
3.1899191553753155,1,21.0
5.263116882654799,2,21.0
7.666980166072817,3,21.0
19.881634407483734,4,21.0
4.663298989706675,5,21.0
8.817742499662279,6,21.0
21.09072657869865,7,21.0
12.738671775802047,8,21.0
0.9497789984084136,9,21.0
0.6502728394712065,10,21.0
0.9247724480581319,11,21.0
14.163085258605932,12,21.0
