gain,STRANA,counted
2.8229050420621578,1,9.0
2.322191794240537,2,9.0
11.438478522279663,3,9.0
1.468017043446363,4,9.0
4.738050265011385,5,9.0
21.66109243015102,6,9.0
17.040083971195248,7,9.0
23.064983137056284,8,9.0
15.444197794557347,9,9.0
