gain,STRANA,counted
2.7205841508507653,1,84.0
2.327122207139273,2,84.0
12.231886228544099,3,84.0
1.3366634826543207,4,84.0
4.065271267705508,5,84.0
20.449292315732347,6,84.0
16.876634424529463,7,84.0
24.645626618042055,8,84.0
15.34691930480217,9,84.0
