gain,STRANA,counted
2.9858552881090095,1,80.0
4.855655862490437,2,80.0
6.915141094555666,3,80.0
21.256161256024413,4,80.0
4.362819460522347,5,80.0
9.947684422257536,6,80.0
21.40287660615145,7,80.0
11.889434056377873,8,80.0
0.8847352815629086,9,80.0
0.5769875881967956,10,80.0
0.6650406869480229,11,80.0
14.257608396803542,12,80.0
