gain,STRANA,counted
13.853634391975111,1,80.0
5.3827500892561355,2,80.0
1.639519643723092,3,80.0
12.806841347931178,4,80.0
2.6630174663174753,5,80.0
21.63195028310171,6,80.0
2.2453678217601727,7,80.0
14.709666222942703,8,80.0
12.778359754265974,9,80.0
12.288892978726452,10,80.0
