gain,STRANA,counted
13.825165349259827,1,95.0
5.33163559660658,2,95.0
1.6174335409118896,3,95.0
12.846087577934126,4,95.0
2.6951022384336727,5,95.0
21.700304194179566,6,95.0
2.279624442948382,7,95.0
14.705116811286567,8,95.0
12.802799662871148,9,95.0
12.196730585568238,10,95.0
