gain,STRANA,counted
2.9921881306162867,1,74.0
4.85810642740334,2,74.0
7.0460345996547655,3,74.0
20.894291649548187,4,74.0
4.412725754405106,5,74.0
10.089622903077533,6,74.0
21.45242443771877,7,74.0
12.10985447908652,8,74.0
0.8563287116500766,9,74.0
0.6019825693974452,10,74.0
0.6555114313028332,11,74.0
14.030928906139128,12,74.0
