gain,STRANA,counted
3.1069976123902103,1,68.0
4.874536591594527,2,68.0
7.201897215236408,3,68.0
19.874523053355055,4,68.0
4.634850417705189,5,68.0
9.933335064564575,6,68.0
21.55712814712493,7,68.0
12.3201963488351,8,68.0
0.8475740033475634,9,68.0
0.5791376418088917,10,68.0
0.6844054641086896,11,68.0
14.385418439928854,12,68.0
