gain,STRANA,counted
2.711712420546658,1,94.0
2.3070623406601514,2,94.0
12.299244153736216,3,94.0
1.3126159281991643,4,94.0
3.990375743729071,5,94.0
20.289601989508594,6,94.0
16.938242422894866,7,94.0
24.919951841468592,8,94.0
15.231193159256687,9,94.0
