gain,STRANA,counted
2.891383632532803,1,52.0
5.125256725960984,2,52.0
7.133891258557254,3,52.0
20.641044806294836,4,52.0
4.293911578948009,5,52.0
9.185819643288706,6,52.0
21.97132334621222,7,52.0
12.643128658130326,8,52.0
0.9158659372699792,9,52.0
0.5830340039910911,10,52.0
0.7187325797817987,11,52.0
13.896607829031993,12,52.0
