gain,STRANA,counted
2.7720025226461917,1,56.0
2.5373221968889528,2,56.0
12.546380264209029,3,56.0
1.2895780658952878,4,56.0
4.2123849472435815,5,56.0
19.5655632291436,6,56.0
17.010869157896778,7,56.0
24.613007427263632,8,56.0
15.45289218881295,9,56.0
