gain,STRANA,counted
2.9404579704575595,1,58.0
5.028998310552073,2,58.0
7.20444833074811,3,58.0
20.05078414728803,4,58.0
4.829257469532737,5,58.0
9.385071440475967,6,58.0
21.93361792481668,7,58.0
12.396051298353692,8,58.0
0.8799039841867782,9,58.0
0.5951768028509746,10,58.0
0.6974473070171106,11,58.0
14.058785013720287,12,58.0
