gain,STRANA,counted
2.879062665846268,1,44.0
5.093805695628765,2,44.0
7.086038488161901,3,44.0
21.320878891745863,4,44.0
4.5063333951676015,5,44.0
9.042175101903672,6,44.0
21.67521467560874,7,44.0
12.16745570929287,8,44.0
0.9207465948285091,9,44.0
0.5991279668444921,10,44.0
0.6737853462076757,11,44.0
14.035375468763645,12,44.0
