gain,STRANA,counted
2.7798145656434903,1,74.0
2.4071937908521526,2,74.0
12.24953893237973,3,74.0
1.3320032281840004,4,74.0
4.178649827264719,5,74.0
20.27821067762424,6,74.0
17.048960527333723,7,74.0
24.428165553192002,8,74.0
15.297462897525946,9,74.0
