gain,STRANA,counted
2.691813678636924,1,46.0
2.5522276738819976,2,46.0
12.544083065402242,3,46.0
1.1974995002689104,4,46.0
4.260851047599055,5,46.0
20.21226560371799,6,46.0
16.891987302446438,7,46.0
24.34717809058386,8,46.0
15.302094037462588,9,46.0
