gain,STRANA,counted
13.880244734267198,1,54.0
5.366138719004514,2,54.0
1.4766284049310354,3,54.0
12.89646353533383,4,54.0
2.8275097796182367,5,54.0
21.72784665701365,6,54.0
1.993849588776623,7,54.0
14.420185676741248,8,54.0
13.252859614608917,9,54.0
12.158273289704749,10,54.0
