gain,STRANA,counted
3.0042035599429076,1,71.0
4.7853247071246034,2,71.0
7.082127639041401,3,71.0
21.03030038985777,4,71.0
4.447185006995092,5,71.0
9.980635462830245,6,71.0
21.507076955137038,7,71.0
12.122625231220043,8,71.0
0.8387223299049871,9,71.0
0.5748829500188911,10,71.0
0.6572395267901401,11,71.0
13.969676241136874,12,71.0
