gain,STRANA,counted
2.8011416719310045,1,74.0
2.420520502125104,2,74.0
12.25335602029301,3,74.0
1.322576478983494,4,74.0
4.147182584154822,5,74.0
20.291746698653327,6,74.0
17.050076953537232,7,74.0
24.441717757686728,8,74.0
15.271681332635278,9,74.0
