gain,STRANA,counted
2.829982052581931,1,53.0
2.4850095297219106,2,53.0
12.516741275269974,3,53.0
1.2359894370679498,4,53.0
4.258644166468609,5,53.0
19.791969340774678,6,53.0
17.01107369497742,7,53.0
24.5730601593399,8,53.0
15.297530343797632,9,53.0
