gain,STRANA,counted
3.0042734708636165,1,81.0
4.878709301081749,2,81.0
6.93268923910946,3,81.0
21.29087284143017,4,81.0
4.435447286420203,5,81.0
9.95229379405718,6,81.0
21.436848723943346,7,81.0
11.848896825292252,8,81.0
0.8722900311153766,9,81.0
0.5632429062642634,10,81.0
0.6463881685517745,11,81.0
14.138047411870616,12,81.0
