gain,STRANA,counted
13.737793482038118,1,59.0
5.481111456533427,2,59.0
1.7029197832011418,3,59.0
12.90863722884642,4,59.0
2.7837105192963305,5,59.0
21.59146651625076,6,59.0
1.986861023874164,7,59.0
14.430534577544233,8,59.0
13.071835286713323,9,59.0
12.305130125702076,10,59.0
