gain,STRANA,counted
2.847461626892006,1,100.0
4.782506234233795,2,100.0
6.998944358136411,3,100.0
21.36260659533484,4,100.0
4.292102827278347,5,100.0
10.703946429927452,6,100.0
21.388574595427436,7,100.0
11.746238533802721,8,100.0
0.8709627838812468,9,100.0
0.5259788296852483,10,100.0
0.6487507285210459,11,100.0
13.831926456879447,12,100.0
