gain,STRANA,counted
3.0079653426934754,1,91.0
4.9020791405821225,2,91.0
6.933777356739679,3,91.0
21.03575134020157,4,91.0
4.442664400351818,5,91.0
10.52335919529872,6,91.0
21.323094039021,7,91.0
11.615093666467976,8,91.0
0.8560315624400957,9,91.0
0.5244959274767566,10,91.0
0.6614826227939777,11,91.0
14.174205405932803,12,91.0
