gain,STRANA,counted
2.8863897567392596,1,22.0
2.642697618182668,2,22.0
12.315267335598575,3,22.0
1.2732081502464188,4,22.0
4.666874781302659,5,22.0
19.963343631610506,6,22.0
16.276236583244902,7,22.0
24.375076910174148,8,22.0
15.60090523290087,9,22.0
