gain,STRANA,counted
2.722914968022521,1,86.0
2.331389320842418,2,86.0
12.254245663013101,3,86.0
1.3433990317685094,4,86.0
4.031330561516809,5,86.0
20.467390651391188,6,86.0
16.94640293252195,7,86.0
24.609609938218753,8,86.0
15.293316932704753,9,86.0
