gain,STRANA,counted
2.8162591805170134,1,55.0
2.507410629081709,2,55.0
12.483539541439608,3,55.0
1.2911451012889756,4,55.0
4.192697052085311,5,55.0
19.60897419780002,6,55.0
16.925980295589582,7,55.0
24.670605017845986,8,55.0
15.5033889843518,9,55.0
