gain,STRANA,counted
3.079110783110086,1,8.0
2.3877793830829797,2,8.0
11.821181683912673,3,8.0
1.3304991976139495,4,8.0
4.801039399650432,5,8.0
22.226550040445154,6,8.0
15.30694139473373,7,8.0
23.54521922775646,8,8.0
15.501678889694537,9,8.0
