gain,STRANA,counted
2.838724886015502,1,69.0
2.4533489091873117,2,69.0
12.23711368287378,3,69.0
1.312468079581045,4,69.0
4.1512633120245015,5,69.0
20.128957367439504,6,69.0
16.94548500022878,7,69.0
24.590209767026543,8,69.0
15.342428995623036,9,69.0
