gain,STRANA,counted
13.892094157219686,1,52.0
5.343343263560543,2,52.0
1.4640719180929815,3,52.0
12.872615223427736,4,52.0
2.7930384873301395,5,52.0
21.78999738895229,6,52.0
1.9637567824471898,7,52.0
14.479593497937513,8,52.0
13.308372107122176,9,52.0
12.093117173909743,10,52.0
