gain,STRANA,counted
2.698877049386571,1,98.0
2.3028315190275506,2,98.0
12.265364567147504,3,98.0
1.305605032703526,4,98.0
3.9742677368930597,5,98.0
20.34268785187771,6,98.0
16.845314334482108,7,98.0
24.981109127405468,8,98.0
15.283942781076505,9,98.0
