gain,STRANA,counted
13.877087353374762,1,82.0
5.380559545716883,2,82.0
1.6357130857062272,3,82.0
12.858664986551261,4,82.0
2.627404821092019,5,82.0
21.685990776839738,6,82.0
2.2425133312702035,7,82.0
14.71927996537211,8,82.0
12.769751029676634,9,82.0
12.203035104400167,10,82.0
