gain,STRANA,counted
13.856146397781806,1,93.0
5.382096829394727,2,93.0
1.6299752390917848,3,93.0
12.91213279150256,4,93.0
2.6753379861386795,5,93.0
21.685556289797113,6,93.0
2.273900982300748,7,93.0
14.605598799504355,8,93.0
12.768714065752226,9,93.0
12.210540618736,10,93.0
