gain,STRANA,counted
13.769039506961821,1,64.0
5.420920984325177,2,64.0
1.662493641867722,3,64.0
12.891856622839496,4,64.0
2.763904437155103,5,64.0
21.74937491023611,6,64.0
2.033815145831472,7,64.0
14.54216933267255,8,64.0
12.931696208524768,9,64.0
12.234729209585776,10,64.0
