gain,STRANA,counted
13.75283968136782,1,100.0
5.325653366832119,2,100.0
1.6115923431444426,3,100.0
12.730931257124215,4,100.0
2.6767814619742722,5,100.0
21.788588572827994,6,100.0
2.2545716297302367,7,100.0
14.67358933102369,8,100.0
12.975956441653544,9,100.0
12.209495914321666,10,100.0
