gain,STRANA,counted
14.63500674260459,1,7.0
5.091929441288533,2,7.0
1.2819520160650053,3,7.0
13.589905331573688,4,7.0
2.328844057189704,5,7.0
21.64213808540982,6,7.0
2.070686846535585,7,7.0
13.0832770282383,8,7.0
13.557843745304588,9,7.0
12.718416705790187,10,7.0
