gain,STRANA,counted
14.352155375789172,1,29.0
5.149381904114148,2,29.0
1.4836509395862962,3,29.0
12.953128938027628,4,29.0
2.692463365358626,5,29.0
21.22980494854575,6,29.0
1.9215509639025254,7,29.0
14.546019319060727,8,29.0
13.524953559618083,9,29.0
12.146890685997045,10,29.0
