gain,STRANA,counted
2.915696999696245,1,95.0
4.862210582191189,2,95.0
7.0291962285261995,3,95.0
20.838634321878722,4,95.0
4.392964613141612,5,95.0
10.381380137897825,6,95.0
21.67942112607196,7,95.0
11.807187421093746,8,95.0
0.8378687368771209,9,95.0
0.5263567188004273,10,95.0
0.6653704191055964,11,95.0
14.063712694719355,12,95.0
