gain,STRANA,counted
14.396691507747656,1,31.0
5.074633958534791,2,31.0
1.465907033362714,3,31.0
13.106011623912703,4,31.0
2.686790988886582,5,31.0
21.203033357873924,6,31.0
1.9211353977696597,7,31.0
14.463279152248559,8,31.0
13.47434569402812,9,31.0
12.208171285635292,10,31.0
