gain,STRANA,counted
14.118225072072091,1,35.0
5.198960311030211,2,35.0
1.470189634981761,3,35.0
13.253221556861272,4,35.0
2.709501450036882,5,35.0
21.17969502143454,6,35.0
1.9292906120183844,7,35.0
14.427636220801338,8,35.0
13.49282442695181,9,35.0
12.220455693811703,10,35.0
