gain,STRANA,counted
2.98027588421972,1,87.0
4.839888854036217,2,87.0
6.884538936512566,3,87.0
21.06835298790804,4,87.0
4.3951031460584735,5,87.0
10.205272908528249,6,87.0
21.39254383811771,7,87.0
11.775540242545954,8,87.0
0.8667282252501253,9,87.0
0.557882731912934,10,87.0
0.6743738185022466,11,87.0
14.359498426407763,12,87.0
