gain,STRANA,counted
2.7491194685819953,1,58.0
2.5337349399703815,2,58.0
12.538594269284337,3,58.0
1.280132569391432,4,58.0
4.177799613599459,5,58.0
19.507046915174904,6,58.0
17.152339153766235,7,58.0
24.65315972832875,8,58.0
15.40807334190251,9,58.0
