gain,STRANA,counted
13.804084858870306,1,66.0
5.414285468540712,2,66.0
1.649753920225473,3,66.0
12.829090595086765,4,66.0
2.718959252237697,5,66.0
21.63574604617487,6,66.0
2.0779519501191555,7,66.0
14.566812899224333,8,66.0
12.96624366460041,9,66.0
12.33707134492028,10,66.0
