gain,STRANA,counted
2.8475176417264594,1,48.0
5.191448793898918,2,48.0
7.1415780039460985,3,48.0
21.21072944623222,4,48.0
4.462445889527523,5,48.0
9.023752581532019,6,48.0
21.71061758536084,7,48.0
12.266644667256275,8,48.0
0.9267736510700609,9,48.0
0.5876284776393549,10,48.0
0.6771527257444119,11,48.0
13.953710536065817,12,48.0
