gain,STRANA,counted
3.018203770797542,1,63.0
4.870003737779801,2,63.0
7.1142592602101375,3,63.0
20.166327420914357,4,63.0
4.778112089197736,5,63.0
9.461780804283675,6,63.0
21.754031095189692,7,63.0
12.299831649681021,8,63.0
0.8362789273869189,9,63.0
0.5499616077596788,10,63.0
0.671959029879236,11,63.0
14.479250606920205,12,63.0
