gain,STRANA,counted
2.9777469901313713,1,88.0
4.862965607851183,2,88.0
6.865808743595937,3,88.0
21.219448054459036,4,88.0
4.392861910224644,5,88.0
10.26103675582469,6,88.0
21.389160690856293,7,88.0
11.609129334252376,8,88.0
0.8549879926585782,9,88.0
0.5397841445684558,10,88.0
0.674217669275373,11,88.0
14.352852106302057,12,88.0
