gain,STRANA,counted
2.9359359201550554,1,41.0
4.960322174425193,2,41.0
7.283331723492539,3,41.0
20.862805618864574,4,41.0
4.594530598252298,5,41.0
8.726566227271523,6,41.0
21.60732871765199,7,41.0
12.51062166600469,8,41.0
0.9643662156275452,9,41.0
0.6215647139419322,10,41.0
0.7400418613558163,11,41.0
14.192584562956839,12,41.0
