gain,STRANA,counted
2.90325539409215,1,37.0
5.036847249364816,2,37.0
7.094206050880068,3,37.0
20.62548276855199,4,37.0
4.639782023551613,5,37.0
8.521222291194778,6,37.0
22.115951353689294,7,37.0
12.307464379592728,8,37.0
0.9555625330523303,9,37.0
0.6298003706247884,10,37.0
0.6999636969090437,11,37.0
14.4704618884964,12,37.0
