gain,STRANA,counted
3.0463870664651638,1,76.0
4.883016949088441,2,76.0
6.964658959195774,3,76.0
20.804656759911797,4,76.0
4.3997195413149015,5,76.0
10.068304882412505,6,76.0
21.41597657813067,7,76.0
12.119682917514602,8,76.0
0.8860461263530603,9,76.0
0.5829376604848217,10,76.0
0.6466288448200633,11,76.0
14.181983714308194,12,76.0
