gain,STRANA,counted
13.820446240839953,1,91.0
5.422283261543089,2,91.0
1.619850993064647,3,91.0
12.959430842092685,4,91.0
2.6460463537940924,5,91.0
21.744348472162812,6,91.0
2.2650264703183716,7,91.0
14.566460406339111,8,91.0
12.765102739920781,9,91.0
12.191004219924462,10,91.0
