gain,STRANA,counted
3.0579876983019587,1,13.0
5.674134593988737,2,13.0
7.52432306657518,3,13.0
19.05990431807557,4,13.0
4.58081412688329,5,13.0
7.30930723807357,6,13.0
21.049205592493248,7,13.0
13.064093060491484,8,13.0
0.9398534201083213,9,13.0
0.7200802738471621,10,13.0
0.8642170442336087,11,13.0
16.156079566927865,12,13.0
