gain,STRANA,counted
14.626334700674542,1,19.0
4.839424950594092,2,19.0
1.3474636585079394,3,19.0
12.847303325537684,4,19.0
2.7437070322814137,5,19.0
21.55285783259214,6,19.0
1.8127027039147507,7,19.0
14.355463253814019,8,19.0
13.633305494345887,9,19.0
12.241437047737529,10,19.0
