gain,STRANA,counted
2.697580118271407,1,99.0
2.3162310193691997,2,99.0
12.276807825221375,3,99.0
1.3093934946401613,4,99.0
3.9952221663345133,5,99.0
20.316266585621175,6,99.0
16.825832967206587,7,99.0
24.97897443272747,8,99.0
15.283691390608107,9,99.0
