gain,STRANA,counted
14.364924511181815,1,30.0
5.136835524145132,2,30.0
1.4823752900034814,3,30.0
13.06653281504904,4,30.0
2.7029842233651733,5,30.0
21.124620639721783,6,30.0
1.9157819143172619,7,30.0
14.480175906691406,8,30.0
13.52346025550558,9,30.0
12.202308920019329,10,30.0
