gain,STRANA,counted
2.7629650162982475,1,63.0
2.523981146079549,2,63.0
12.469431079996944,3,63.0
1.276012510605193,4,63.0
4.125872395980491,5,63.0
19.724935911968007,6,63.0
17.074813820128686,7,63.0
24.65999455078644,8,63.0
15.38199356815645,9,63.0
