gain,STRANA,counted
2.883863731575497,1,55.0
5.006587077958334,2,55.0
7.277237870513491,3,55.0
20.336893637552745,4,55.0
4.858334833759516,5,55.0
9.265747240919254,6,55.0
21.96891131248122,7,55.0
12.351281334370118,8,55.0
0.8884733036887877,9,55.0
0.6004223545139994,10,55.0
0.6740921421917182,11,55.0
13.888155160475318,12,55.0
