gain,STRANA,counted
13.78286571631955,1,65.0
5.424576839427591,2,65.0
1.6458684944714315,3,65.0
12.868475032555493,4,65.0
2.739356450119686,5,65.0
21.664754601926308,6,65.0
2.0668714049506556,7,65.0
14.466268656853707,8,65.0
13.020859812410896,9,65.0
12.320102990964681,10,65.0
