gain,STRANA,counted
2.7128381005821516,1,86.0
2.334248809431061,2,86.0
12.278044493203419,3,86.0
1.3385867238467593,4,86.0
4.036568817735396,5,86.0
20.429806598860736,6,86.0
16.891332332893583,7,86.0
24.612885860828477,8,86.0
15.365688262618418,9,86.0
