gain,STRANA,counted
13.891458106512248,1,50.0
5.423289926072053,2,50.0
1.4732192543580482,3,50.0
12.902591194599655,4,50.0
2.8189239041455894,5,50.0
21.775695419785016,6,50.0
1.9627948250869836,7,50.0
14.465051798994615,8,50.0
13.2214567932183,9,50.0
12.065518777227489,10,50.0
