gain,STRANA,counted
14.105186341221748,1,38.0
5.210481484671656,2,38.0
1.4820219056389345,3,38.0
13.157701891815323,4,38.0
2.745143534979031,5,38.0
21.182855489711862,6,38.0
1.89420699796121,7,38.0
14.44899110848078,8,38.0
13.539293480489512,9,38.0
12.23411776502994,10,38.0
