gain,STRANA,counted
2.7215129635732924,1,89.0
2.3267409421699936,2,89.0
12.266070482151235,3,89.0
1.332837988747548,4,89.0
4.008916350408173,5,89.0
20.25877139559355,6,89.0
16.92920700448365,7,89.0
24.721393066357606,8,89.0
15.434549806514951,9,89.0
