gain,STRANA,counted
14.052879383401052,1,46.0
5.511812227182901,2,46.0
1.5076850008951528,3,46.0
13.0372490501692,4,46.0
2.8383697927734692,5,46.0
21.609097736771236,6,46.0
1.9314896048350694,7,46.0
14.301966214409775,8,46.0
13.034324554139815,9,46.0
12.175126435422332,10,46.0
