gain,STRANA,counted
13.860425196597282,1,67.0
5.367249387258785,2,67.0
1.6385144064320531,3,67.0
12.832743162262952,4,67.0
2.7246401402655542,5,67.0
21.55748978254798,6,67.0
2.0957522335175938,7,67.0
14.596353843745934,8,67.0
13.048923545242571,9,67.0
12.277908302129296,10,67.0
