gain,STRANA,counted
2.69997913595876,1,91.0
2.307860060606343,2,91.0
12.288872165542644,3,91.0
1.3203724551688338,4,91.0
4.009801593889189,5,91.0
20.23645974898109,6,91.0
16.92817070075791,7,91.0
24.8825014218222,8,91.0
15.325982717273028,9,91.0
