gain,STRANA,counted
13.811969874587648,1,85.0
5.376799753785497,2,85.0
1.6258098184015073,3,85.0
12.942592631754469,4,85.0
2.6053486588744548,5,85.0
21.684940623436994,6,85.0
2.260331146641464,7,85.0
14.682210977130024,8,85.0
12.7668368978559,9,85.0
12.243159617532044,10,85.0
