gain,STRANA,counted
13.796651631169674,1,89.0
5.398624410868243,2,89.0
1.6210560712732267,3,89.0
12.947713012628913,4,89.0
2.6238441041689082,5,89.0
21.776143628655543,6,89.0
2.263059631496115,7,89.0
14.555585294563569,8,89.0
12.828549752617963,9,89.0
12.188772462557845,10,89.0
