gain,STRANA,counted
2.879367649297983,1,53.0
5.023589624884471,2,53.0
7.1369447144423965,3,53.0
20.696664614060698,4,53.0
4.234250438633966,5,53.0
9.343046417422244,6,53.0
21.995615880647932,7,53.0
12.591401802683336,8,53.0
0.8959663642086644,9,53.0
0.5786208573410689,10,53.0
0.6943709015503331,11,53.0
13.930160734826908,12,53.0
