gain,STRANA,counted
14.292219750146707,1,22.0
4.934611889815412,2,22.0
1.3942434900502751,3,22.0
13.05985903663163,4,22.0
2.9245677277917816,5,22.0
21.44518551416359,6,22.0
1.996355695525004,7,22.0
14.27254385844121,8,22.0
13.489267784537448,9,22.0
12.191145252896941,10,22.0
