gain,STRANA,counted
13.803657800400467,1,98.0
5.359617484494407,2,98.0
1.6188239654974665,3,98.0
12.788569714295198,4,98.0
2.6738978919980916,5,98.0
21.702318772151507,6,98.0
2.2837133158479856,7,98.0
14.615892939334978,8,98.0
12.937583979703119,9,98.0
12.215924136276776,10,98.0
