gain,STRANA,counted
2.8512168874779436,1,48.0
2.5187167621568043,2,48.0
12.69225673088698,3,48.0
1.2020544470398888,4,48.0
4.231528723979949,5,48.0
20.048070289479103,6,48.0
16.671425296002507,7,48.0
24.488929442277296,8,48.0
15.295801420699535,9,48.0
