gain,STRANA,counted
2.7685033203463036,1,60.0
2.527349665255706,2,60.0
12.482033135227159,3,60.0
1.2556112122315792,4,60.0
4.141868268443647,5,60.0
19.61664844587,6,60.0
17.139794048349675,7,60.0
24.646893759284673,8,60.0
15.42129814499126,9,60.0
