gain,STRANA,counted
2.9144057088064006,1,60.0
4.887814208694513,2,60.0
7.271190122319542,3,60.0
20.12416275639485,4,60.0
4.858134778023062,5,60.0
9.469131054131113,6,60.0
21.865333409224654,7,60.0
12.345404100063568,8,60.0
0.8669072692665157,9,60.0
0.5791976911076139,10,60.0
0.6945818049753324,11,60.0
14.123737096992839,12,60.0
