gain,STRANA,counted
2.7932804365887063,1,37.0
2.580973352186308,2,37.0
12.540737530689633,3,37.0
1.2587039775621358,4,37.0
4.278034169873766,5,37.0
20.30114095397937,6,37.0
16.912880359865056,7,37.0
23.85569932267656,8,37.0
15.478549896578464,9,37.0
