gain,STRANA,counted
2.935962261041241,1,31.0
5.264819668603149,2,31.0
7.252015847912569,3,31.0
19.48987583174124,4,31.0
4.509023774588917,5,31.0
8.433743720531234,6,31.0
22.136242962179598,7,31.0
12.48792154441125,8,31.0
0.9283724639408497,9,31.0
0.6085810721775925,10,31.0
0.7873512303947027,11,31.0
15.166089622477655,12,31.0
