gain,STRANA,counted
2.7411063425871753,1,79.0
2.371118365400985,2,79.0
12.202249582615046,3,79.0
1.330476903187137,4,79.0
4.128513211347242,5,79.0
20.33297162637167,6,79.0
17.00015184410358,7,79.0
24.471288379984692,8,79.0
15.422123744402471,9,79.0
