gain,STRANA,counted
2.759898442915174,1,76.0
2.386288131312305,2,76.0
12.283309186357135,3,76.0
1.328957981815012,4,76.0
4.152243253184255,5,76.0
20.355940053072594,6,76.0
17.020222467542474,7,76.0
24.40770891853081,8,76.0
15.30543156527025,9,76.0
