gain,STRANA,counted
2.731075480808664,1,78.0
2.3777807423787696,2,78.0
12.231087181432983,3,78.0
1.3216037840997266,4,78.0
4.152912104463138,5,78.0
20.317230483159882,6,78.0
16.978100108853912,7,78.0
24.486984912465267,8,78.0
15.403225202337655,9,78.0
