gain,STRANA,counted
2.7047163244532166,1,90.0
2.3098469989635406,2,90.0
12.289393064972828,3,90.0
1.3309113227828988,4,90.0
4.0029479474848975,5,90.0
20.213356719288083,6,90.0
16.897404751067807,7,90.0
24.85626379622163,8,90.0
15.3951590747651,9,90.0
