gain,STRANA,counted
13.8530889838226,1,81.0
5.415983762646868,2,81.0
1.640970085571622,3,81.0
12.813860029514773,4,81.0
2.639915824817454,5,81.0
21.655413149229094,6,81.0
2.244414142249937,7,81.0
14.714040947884666,8,81.0
12.781566554305885,9,81.0
12.240746519957103,10,81.0
