gain,STRANA,counted
3.0669222527219846,1,66.0
4.9076526721924685,2,66.0
7.1668623193912095,3,66.0
20.0262237380603,4,66.0
4.62038734532539,5,66.0
9.826072719536812,6,66.0
21.461611798479538,7,66.0
12.328555352331543,8,66.0
0.8749801401881598,9,66.0
0.5908754240041241,10,66.0
0.6806770123929405,11,66.0
14.44917922537553,12,66.0
