gain,STRANA,counted
13.818033348011543,1,70.0
5.330264013142861,2,70.0
1.6326617742446912,3,70.0
12.80734340318525,4,70.0
2.695405096890536,5,70.0
21.66102853029267,6,70.0
2.1262278119740894,7,70.0
14.547655180987487,8,70.0
13.021934664411388,9,70.0
12.359446176859478,10,70.0
