gain,STRANA,counted
13.799651153966808,1,57.0
5.481420905361182,2,57.0
1.5466091065386989,3,57.0
12.911384999168007,4,57.0
2.8122284738178562,5,57.0
21.64198839649122,6,57.0
1.9925909236123005,7,57.0
14.38328587788376,8,57.0
13.223239200185976,9,57.0
12.20760096297419,10,57.0
