gain,STRANA,counted
2.8139323750160328,1,68.0
2.4813061375852574,2,68.0
12.250705679855315,3,68.0
1.3146437655388956,4,68.0
4.109446851367241,5,68.0
20.085187291189126,6,68.0
16.91898024664395,7,68.0
24.654130886537462,8,68.0
15.371666766266717,9,68.0
