gain,STRANA,counted
13.815959471351983,1,77.0
5.304017987499988,2,77.0
1.6247915648932063,3,77.0
12.767591822821075,4,77.0
2.6577982654606713,5,77.0
21.75398337528135,6,77.0
2.2457364374764226,7,77.0
14.621619393789814,8,77.0
12.871490766167112,9,77.0
12.337010915258364,10,77.0
