gain,STRANA,counted
2.8666040107059487,1,49.0
5.065273531837032,2,49.0
7.2093636023720515,3,49.0
21.192752651636972,4,49.0
4.359220455498231,5,49.0
9.07707432443716,6,49.0
21.77106107141819,7,49.0
12.309537519386943,8,49.0
0.9378192955200697,9,49.0
0.5871887553657191,10,49.0
0.7156623177146987,11,49.0
13.908442464106985,12,49.0
