gain,STRANA,counted
2.856751428473345,1,50.0
2.4684252762641874,2,50.0
12.569606867238889,3,50.0
1.195647178459695,4,50.0
4.2736554163318115,5,50.0
19.910765422717528,6,50.0
16.902623964304635,7,50.0
24.501391752507182,8,50.0
15.321132693702738,9,50.0
