gain,STRANA,counted
14.802910913981195,1,15.0
4.806641170363013,2,15.0
1.2845125862469626,3,15.0
12.587853463569566,4,15.0
2.5298071611179775,5,15.0
22.038618410082623,6,15.0
1.7534216405840537,7,15.0
14.697808867389844,8,15.0
13.668533473221455,9,15.0
11.82989231344331,10,15.0
