gain,STRANA,counted
4.085569246964711,1,93.0
17.805944534068008,2,93.0
16.78556315780485,3,93.0
7.768090181561194,4,93.0
4.553375606423604,5,93.0
18.787869366260544,6,93.0
26.975740645742263,7,93.0
3.110126727482425,8,93.0
0.1277205336924056,9,93.0
