gain,STRANA,counted
3.9215785649616746,1,13.0
18.869334708084253,2,13.0
17.80442060592859,3,13.0
7.249082702884133,4,13.0
4.787810962645327,5,13.0
17.312694499542456,6,13.0
27.040190837466227,7,13.0
2.8896718854710013,8,13.0
0.12521523301633952,9,13.0
