gain,STRANA,counted
3.9687501664559797,1,70.0
17.443848972884602,2,70.0
17.290882720249726,3,70.0
7.679279944562219,4,70.0
4.193497839192524,5,70.0
19.236120967467293,6,70.0
26.855059878239707,7,70.0
3.2070240096143108,8,70.0
0.12553550133364735,9,70.0
