gain,STRANA,counted
3.977190693629573,1,84.0
17.871190390308715,2,84.0
16.892495056132145,3,84.0
7.826577216954454,4,84.0
4.419051152612168,5,84.0
18.993009754024325,6,84.0
26.79932348694443,7,84.0
3.087809990198066,8,84.0
0.13335225919612273,9,84.0
