gain,STRANA,counted
18.822928050644315,1,62.0
6.254793973378408,2,62.0
0.1817025259501325,3,62.0
18.21589250570574,4,62.0
11.606334639687358,5,62.0
11.21768384023899,6,62.0
3.329572454162841,7,62.0
4.5070729299689045,8,62.0
0.8114369371708954,9,62.0
1.3057202689442768,10,62.0
16.714207459863495,11,62.0
7.032654414284643,12,62.0
