gain,STRANA,counted
19.09923125626464,1,78.0
6.223509375653561,2,78.0
0.19526318523951833,3,78.0
18.052260713612295,4,78.0
11.569190164084652,5,78.0
11.259047866126028,6,78.0
3.466131702712367,7,78.0
4.399137241833782,8,78.0
0.8542461365051188,9,78.0
1.3349634029852244,10,78.0
16.659686477597873,11,78.0
6.887332477384938,12,78.0
