gain,STRANA,counted
3.9580107686396215,1,64.0
17.55232435636726,2,64.0
17.199973206538942,3,64.0
7.665441407519472,4,64.0
4.265864516003848,5,64.0
19.159125783864155,6,64.0
26.867509843547527,7,64.0
3.1983585570699145,8,64.0
0.1333915604492525,9,64.0
