gain,STRANA,counted
4.100214979619428,1,98.0
17.726245834497515,2,98.0
16.739291365382712,3,98.0
7.823013848750857,4,98.0
4.53673515749193,5,98.0
18.68129502821491,6,98.0
27.172846255890043,7,98.0
3.100215278937999,8,98.0
0.12014225121460866,9,98.0
