gain,STRANA,counted
18.79287420416636,1,51.0
6.219023825533709,2,51.0
0.18506979448609154,3,51.0
17.980789814639838,4,51.0
12.021045247485395,5,51.0
10.857923186275652,6,51.0
3.3410681952993335,7,51.0
4.786795160678689,8,51.0
0.7756977353203668,9,51.0
1.2993276489676535,10,51.0
16.513607475450904,11,51.0
7.226777711696007,12,51.0
