gain,STRANA,counted
19.162417566557632,1,83.0
6.150048150121293,2,83.0
0.19165844214072453,3,83.0
18.14639612220648,4,83.0
11.610239616522774,5,83.0
11.31046509285165,6,83.0
3.4841452381698383,7,83.0
4.29950217015372,8,83.0
0.843693247159037,9,83.0
1.308087591677531,10,83.0
16.54326329464505,11,83.0
6.9500834677942676,12,83.0
