gain,STRANA,counted
3.466065957305356,1,40.0
17.331943527186993,2,40.0
17.759851613040347,3,40.0
7.869485087376099,4,40.0
4.1455525678949074,5,40.0
19.523457670345024,6,40.0
26.57605763448889,7,40.0
3.2101463035990636,8,40.0
0.1174396387633204,9,40.0
