gain,STRANA,counted
3.942556698445565,1,66.0
17.483235381587683,2,66.0
17.266277625883685,3,66.0
7.65417393739734,4,66.0
4.264014236663027,5,66.0
19.178646444037724,6,66.0
26.880434135386967,7,66.0
3.200477853948073,8,66.0
0.1301836866499375,9,66.0
