gain,STRANA,counted
4.034304924759586,1,75.0
17.799900729628526,2,75.0
17.108632519345118,3,75.0
7.854966133649627,4,75.0
4.285858032280826,5,75.0
18.96131641576734,6,75.0
26.64136661710337,7,75.0
3.181513650773428,8,75.0
0.1321409766921827,9,75.0
