gain,STRANA,counted
3.9877003326957463,1,61.0
17.579243892500795,2,61.0
17.285981116285605,3,61.0
7.685370216463933,4,61.0
4.18114619853554,5,61.0
19.284578906674696,6,61.0
26.676903459437725,7,61.0
3.1848094729196164,8,61.0
0.13426640448634433,9,61.0
