gain,STRANA,counted
19.212152751485913,1,70.0
6.172482217815518,2,70.0
0.18549831830794117,3,70.0
17.911117603783655,4,70.0
11.48207294968053,5,70.0
11.34527116425285,6,70.0
3.393664490940445,7,70.0
4.563596776340275,8,70.0
0.8720172337167413,9,70.0
1.3242260449977057,10,70.0
16.756454872770547,11,70.0
6.781445575907879,12,70.0
