gain,STRANA,counted
18.756704430855148,1,63.0
6.208527773985704,2,63.0
0.18242557388950856,3,63.0
18.182334490687055,4,63.0
11.653569889774335,5,63.0
11.211060340182488,6,63.0
3.3548247957145563,7,63.0
4.550265933744877,8,63.0
0.8076371738759975,9,63.0
1.3061800183160757,10,63.0
16.720911726824383,11,63.0
7.065557852149869,12,63.0
