gain,STRANA,counted
3.588990607795159,1,44.0
17.523095848335142,2,44.0
17.79387373933998,3,44.0
7.906218558656283,4,44.0
4.19719628176628,5,44.0
19.514195916874797,6,44.0
26.145968260871367,7,44.0
3.2049493877829676,8,44.0
0.12551139857803223,9,44.0
