gain,STRANA,counted
3.530646217579722,1,36.0
17.66271993381207,2,36.0
17.580958401535764,3,36.0
8.061576589007242,4,36.0
4.249657243971406,5,36.0
19.012570918409924,6,36.0
26.621675173930438,7,36.0
3.1613692776184226,8,36.0
0.11882624413501594,9,36.0
