gain,STRANA,counted
3.5844259505232943,1,44.0
17.572725311621397,2,44.0
17.731752372246856,3,44.0
7.890861189610933,4,44.0
4.238421518385938,5,44.0
19.533189095364918,6,44.0
26.11533756213718,7,44.0
3.2086697689281505,8,44.0
0.12461723118133623,9,44.0
