gain,STRANA,counted
18.68841314906806,1,28.0
6.2730449940476465,2,28.0
0.1973933290367413,3,28.0
17.820138912047923,4,28.0
12.122116698233286,5,28.0
11.100960546914552,6,28.0
3.0025402315175533,7,28.0
5.4587002679714685,8,28.0
0.7161118346298231,9,28.0
1.2893551559390641,10,28.0
15.887491901659208,11,28.0
7.443732978934669,12,28.0
