gain,STRANA,counted
3.5539914135680757,1,50.0
17.372753125643374,2,50.0
17.591680313698134,3,50.0
7.724452344772932,4,50.0
4.130473785111182,5,50.0
19.337796238062026,6,50.0
26.96061383995269,7,50.0
3.199878652878657,8,50.0
0.12836028631293436,9,50.0
