gain,STRANA,counted
19.19432933995239,1,14.0
5.585806108506636,2,14.0
0.13891074522215624,3,14.0
15.20208026901813,4,14.0
12.240295507033565,5,14.0
10.720022399925696,6,14.0
3.1506083959540105,7,14.0
7.627831115440858,8,14.0
0.6328324518038858,9,14.0
1.1710965394579573,10,14.0
15.638992848953384,11,14.0
8.697194278731333,12,14.0
