gain,STRANA,counted
4.065654398649646,1,90.0
17.82676373896961,2,90.0
16.847335029044743,3,90.0
7.7757510323538535,4,90.0
4.484763896370596,5,90.0
18.861648029908736,6,90.0
26.92490877362177,7,90.0
3.0843986136892227,8,90.0
0.12877648739183903,9,90.0
