gain,STRANA,counted
4.015583944718387,1,82.0
17.906451936593882,2,82.0
16.933323829677892,3,82.0
7.877373854105159,4,82.0
4.4076649238580075,5,82.0
19.006432495977354,6,82.0
26.60049886756715,7,82.0
3.1192814624452,8,82.0
0.13338868505697052,9,82.0
