gain,STRANA,counted
18.778802238562964,1,41.0
6.107241672353117,2,41.0
0.18052178024228865,3,41.0
17.910564169872263,4,41.0
12.196170232093213,5,41.0
10.99600627448569,6,41.0
3.2150485427510938,7,41.0
4.979394806298701,8,41.0
0.7827799664743426,9,41.0
1.258471921335351,10,41.0
16.485780206695317,11,41.0
7.109218188835658,12,41.0
