gain,STRANA,counted
18.87282032523128,1,66.0
6.227024030689196,2,66.0
0.17992587370325686,3,66.0
18.17164601971774,4,66.0
11.553924264867387,5,66.0
11.244638308914588,6,66.0
3.355884586465225,7,66.0
4.538451733034326,8,66.0
0.82951871265791,9,66.0
1.3331495848043502,10,66.0
16.671755914834335,11,66.0
7.021260645080398,12,66.0
