gain,STRANA,counted
18.59630622894827,1,32.0
6.170430929068354,2,32.0
0.18773122258055594,3,32.0
17.928328621586072,4,32.0
12.351141358862392,5,32.0
11.166803514895493,6,32.0
2.9993058146942357,7,32.0
5.357738381064715,8,32.0
0.7516648125546118,9,32.0
1.2131984179102104,10,32.0
15.94633228826719,11,32.0
7.331018409567899,12,32.0
