gain,STRANA,counted
18.627414150605016,1,44.0
6.2536601751284335,2,44.0
0.19518944619025175,3,44.0
18.017823796203906,4,44.0
12.126900213511032,5,44.0
10.910415638968319,6,44.0
3.36989773409406,7,44.0
4.966620567061879,8,44.0
0.7915083468329778,9,44.0
1.2800099457872904,10,44.0
16.516050272167792,11,44.0
6.944509713449043,12,44.0
