gain,STRANA,counted
3.983396021271071,1,67.0
17.483466746637863,2,67.0
17.267263111937204,3,67.0
7.688130144784747,4,67.0
4.2410299315008695,5,67.0
19.18041194628329,6,67.0
26.865643241566744,7,67.0
3.160764761236843,8,67.0
0.1298940947813695,9,67.0
