gain,STRANA,counted
19.131943953055757,1,82.0
6.177023268973326,2,82.0
0.19179008778843104,3,82.0
18.052558734984906,4,82.0
11.587805603489654,5,82.0
11.333168485774554,6,82.0
3.5146073266720137,7,82.0
4.324930133847118,8,82.0
0.8432081318920618,9,82.0
1.2985111913751863,10,82.0
16.622437580890008,11,82.0
6.922015501256983,12,82.0
