gain,STRANA,counted
17.766977166805166,1,10.0
5.239544854819514,2,10.0
0.11146117228333544,3,10.0
14.212838041475928,4,10.0
13.445520909808712,5,10.0
10.49484740345395,6,10.0
3.151712629656274,7,10.0
10.737077681612469,8,10.0
0.5837223559264918,9,10.0
1.146636212966446,10,10.0
16.264332520818844,11,10.0
6.845329050372871,12,10.0
