gain,STRANA,counted
4.0681022089786145,1,89.0
17.835085745190867,2,89.0
16.860297885329583,3,89.0
7.819405119878736,4,89.0
4.500033893039855,5,89.0
18.7204665661496,6,89.0
27.00385012313883,7,89.0
3.0647604838984797,8,89.0
0.1279979743954432,9,89.0
