gain,STRANA,counted
3.690238914227834,1,32.0
17.80411668181548,2,32.0
17.525184221889887,3,32.0
8.06062080524477,4,32.0
4.367929577172413,5,32.0
18.817291489052508,6,32.0
26.593077045133295,7,32.0
3.010433112191497,8,32.0
0.1311081532723168,9,32.0
