gain,STRANA,counted
3.6095246774249157,1,29.0
17.506162173106652,2,29.0
17.66626760032791,3,29.0
7.721654975543308,4,29.0
4.318637539842458,5,29.0
19.011249154785258,6,29.0
26.915730078280255,7,29.0
3.1309180234219083,8,29.0
0.11985577726733812,9,29.0
