gain,STRANA,counted
3.777001666174442,1,52.0
17.26670404729982,2,52.0
17.51390542694107,3,52.0
7.638498376420358,4,52.0
4.070401008994719,5,52.0
19.453010496840502,6,52.0
26.936798528857626,7,52.0
3.2187687691162217,8,52.0
0.12491167935524557,9,52.0
