gain,STRANA,counted
3.887913533265101,1,12.0
19.126479597592354,2,12.0
17.962876926402085,3,12.0
6.55562797534823,4,12.0
4.746377118388304,5,12.0
17.597675582949922,6,12.0
27.53103884045938,7,12.0
2.473401402815264,8,12.0
0.11860902277935981,9,12.0
