gain,STRANA,counted
3.538357704587314,1,35.0
17.548579214415476,2,35.0
17.551022602032486,3,35.0
7.898317287670515,4,35.0
4.13039946125254,5,35.0
19.18150472843318,6,35.0
26.89732332354894,7,35.0
3.1296253481202845,8,35.0
0.12487032993926486,9,35.0
