gain,STRANA,counted
17.81918541703379,1,8.0
5.127085489956658,2,8.0
0.11635204684338925,3,8.0
14.035384212761754,4,8.0
13.633440199430884,5,8.0
10.873558727751979,6,8.0
3.1026184771178222,7,8.0
10.482052646428553,8,8.0
0.5847160442039365,9,8.0
1.1184762526490386,10,8.0
16.48094912083892,11,8.0
6.626181364983275,12,8.0
