gain,STRANA,counted
18.605397634887833,1,30.0
6.2842519703064275,2,30.0
0.19228618579443083,3,30.0
18.001143412679042,4,30.0
12.326773749939331,5,30.0
11.001674245425697,6,30.0
2.9978135535621524,7,30.0
5.471309464978087,8,30.0
0.7307865520648098,9,30.0
1.2558892639561565,10,30.0
15.859613488797647,11,30.0
7.273060477608382,12,30.0
