gain,STRANA,counted
4.013421993013542,1,60.0
17.52778796049076,2,60.0
17.22397645211857,3,60.0
7.663051554533931,4,60.0
4.1723212577219995,5,60.0
19.299432074741514,6,60.0
26.761966677737938,7,60.0
3.2081048512442485,8,60.0
0.12993717839749994,9,60.0
