gain,STRANA,counted
18.77022074700927,1,52.0
6.239397074247504,2,52.0
0.18375085029735486,3,52.0
17.98350118999375,4,52.0
11.967090576406923,5,52.0
10.909326169012227,6,52.0
3.2869753287393424,7,52.0
4.724126526938987,8,52.0
0.790689125107589,9,52.0
1.2855757527005631,10,52.0
16.64320856596207,11,52.0
7.21613809358442,12,52.0
