gain,STRANA,counted
19.140726898491657,1,75.0
6.252500426837162,2,75.0
0.19069711088987767,3,75.0
18.058705943133205,4,75.0
11.561536603461079,5,75.0
11.315117939413728,6,75.0
3.45894513526622,7,75.0
4.444360292650303,8,75.0
0.8711586567382751,9,75.0
1.316269345358834,10,75.0
16.546873471605235,11,75.0
6.843108176154425,12,75.0
