gain,STRANA,counted
4.012861804002356,1,85.0
17.858319103875854,2,85.0
16.856727823537987,3,85.0
7.824585667946353,4,85.0
4.417970162869802,5,85.0
18.971191006701943,6,85.0
26.83786668702952,7,85.0
3.0872069119030336,8,85.0
0.13327083213315635,9,85.0
