gain,STRANA,counted
19.179375250965595,1,71.0
6.158355700776736,2,71.0
0.18505103166701264,3,71.0
17.97955972411149,4,71.0
11.475319321045067,5,71.0
11.308437149444583,6,71.0
3.4384491501904186,7,71.0
4.532419346390306,8,71.0
0.8709616700574754,9,71.0
1.3277966771851157,10,71.0
16.77695700947666,11,71.0
6.76731796868954,12,71.0
