gain,STRANA,counted
4.0720934612651725,1,95.0
17.786490140126343,2,95.0
16.811715016689906,3,95.0
7.781096859225745,4,95.0
4.526827137423166,5,95.0
18.728436186689656,6,95.0
27.083389262475567,7,95.0
3.0854001248408274,8,95.0
0.12455181126362092,9,95.0
