gain,STRANA,counted
4.074944931463956,1,92.0
17.845904018769886,2,92.0
16.77479760418929,3,92.0
7.776161433651524,4,92.0
4.536238229541022,5,92.0
18.83925732357732,6,92.0
26.947659631017196,7,92.0
3.0764625900488065,8,92.0
0.12857423774101032,9,92.0
