gain,STRANA,counted
4.029251728467983,1,71.0
17.521468811998815,2,71.0
17.23450428454963,3,71.0
7.713780253617918,4,71.0
4.233239859226081,5,71.0
19.1402749897921,6,71.0
26.79085939935793,7,71.0
3.2078098277050806,8,71.0
0.1288108452844636,9,71.0
