gain,STRANA,counted
3.8551696163584226,1,21.0
17.857098986994345,2,21.0
17.69815614829869,3,21.0
7.494738141262287,4,21.0
4.418265512233786,5,21.0
18.627072240787896,6,21.0
26.874416414704637,7,21.0
3.0450344818319235,8,21.0
0.13004845752801536,9,21.0
