gain,STRANA,counted
19.33731910401068,1,96.0
5.985960156964399,2,96.0
0.1887639884403497,3,96.0
18.055344214837042,4,96.0
11.502547954508183,5,96.0
11.117003180669254,6,96.0
3.433846638469954,7,96.0
4.218280599816715,8,96.0
0.8864867819982265,9,96.0
1.3227781929978806,10,96.0
16.965180232071603,11,96.0
6.986488955215707,12,96.0
