gain,STRANA,counted
18.7588953523607,1,36.0
6.1262769606713325,2,36.0
0.18260833238013072,3,36.0
17.931454475695634,4,36.0
12.351797879118179,5,36.0
11.089184445541427,6,36.0
3.070130269760464,7,36.0
5.125652564619754,8,36.0
0.7575731714824783,9,36.0
1.279487481573116,10,36.0
16.231967983760416,11,36.0
7.0949710830363655,12,36.0
