gain,STRANA,counted
19.07167335464164,1,56.0
6.274921715743885,2,56.0
0.1853946701799354,3,56.0
18.017898309293916,4,56.0
11.807175089679092,5,56.0
10.925802014270527,6,56.0
3.281869990067812,7,56.0
4.636484409890905,8,56.0
0.7647857540561211,9,56.0
1.2956225979305929,10,56.0
16.62280260674182,11,56.0
7.115569487503751,12,56.0
