gain,STRANA,counted
4.025187717023527,1,87.0
17.833956064164592,2,87.0
16.900310971061256,3,87.0
7.840160042419217,4,87.0
4.467023452848405,5,87.0
18.828799878836115,6,87.0
26.894761784839748,7,87.0
3.08067644647734,8,87.0
0.12912364232980827,9,87.0
