gain,STRANA,counted
3.6361198921498903,1,26.0
17.24341571728126,2,26.0
17.67670280565851,3,26.0
7.667228554128005,4,26.0
4.4102320242778115,5,26.0
19.00300237732881,6,26.0
27.006223337812134,7,26.0
3.236574102766839,8,26.0
0.12050118859674745,9,26.0
