gain,STRANA,counted
19.170039722780846,1,91.0
6.060996747445743,2,91.0
0.18948048237687012,3,91.0
17.95791439146193,4,91.0
11.583283519690779,5,91.0
11.114924140966238,6,91.0
3.481674589602293,7,91.0
4.2824352428087025,8,91.0
0.8753945741205825,9,91.0
1.2987611892279909,10,91.0
17.021076841058935,11,91.0
6.964018558459088,12,91.0
