gain,STRANA,counted
19.17605165623197,1,86.0
6.137074330878227,2,86.0
0.18965826152017895,3,86.0
18.038724454600175,4,86.0
11.648259864933799,5,86.0
11.265008878414735,6,86.0
3.476083523254682,7,86.0
4.258217415636362,8,86.0
0.8609875408856703,9,86.0
1.2863089425545735,10,86.0
16.740872685368803,11,86.0
6.922752445720823,12,86.0
