gain,STRANA,counted
18.70829931990152,1,48.0
6.35051484517991,2,48.0
0.1906181627691989,3,48.0
18.099100051160395,4,48.0
11.966798507099464,5,48.0
10.928464875855868,6,48.0
3.3671755915098966,7,48.0
4.778807719230778,8,48.0
0.7723561997151912,9,48.0
1.3109042202314387,10,48.0
16.49997865855483,11,48.0
7.026981848791508,12,48.0
