gain,STRANA,counted
4.026555769318883,1,59.0
17.343801235115606,2,59.0
17.271864833520915,3,59.0
7.708451085860321,4,59.0
4.15990992277403,5,59.0
19.30392029896495,6,59.0
26.829013599756486,7,59.0
3.226420811999315,8,59.0
0.13006244268949427,9,59.0
