gain,STRANA,counted
19.126921285792687,1,80.0
6.195751568475348,2,80.0
0.19536342487751104,3,80.0
18.039583496968117,4,80.0
11.585528006600697,5,80.0
11.308854735351774,6,80.0
3.508337768593512,7,80.0
4.372615720963649,8,80.0
0.8495652567033478,9,80.0
1.319140687125644,10,80.0
16.653926497871584,11,80.0
6.844411550676127,12,80.0
