gain,STRANA,counted
3.791309968076574,1,23.0
17.65623380175135,2,23.0
17.57368875157485,3,23.0
7.534806806518804,4,23.0
4.383791373170544,5,23.0
18.71867883677826,6,23.0
27.04815535246886,7,23.0
3.1705263793789804,8,23.0
0.12280873028178373,9,23.0
