gain,STRANA,counted
19.27235966129597,1,72.0
6.172874355423389,2,72.0
0.18761488719983818,3,72.0
18.065164056178563,4,72.0
11.4530569921752,5,72.0
11.349182333350617,6,72.0
3.3968911738441387,7,72.0
4.4324878635076255,8,72.0
0.8671310758044488,9,72.0
1.319663629527035,10,72.0
16.660222784017865,11,72.0
6.823351187675309,12,72.0
