gain,STRANA,counted
19.142987510728698,1,84.0
6.166642896500865,2,84.0
0.19203661039465086,3,84.0
18.169386118266804,4,84.0
11.60871127300896,5,84.0
11.312384764857491,6,84.0
3.48135536161944,7,84.0
4.280266983574214,8,84.0
0.8699885538450561,9,84.0
1.3114799175442455,10,84.0
16.49954242297859,11,84.0
6.965217586680988,12,84.0
