gain,STRANA,counted
19.2622367247846,1,94.0
5.998491512569085,2,94.0
0.1887425253344126,3,94.0
18.00979692881776,4,94.0
11.568134845171398,5,94.0
11.13171302193248,6,94.0
3.4573030804860236,7,94.0
4.2523207963205065,8,94.0
0.884344914860069,9,94.0
1.3124645199919702,10,94.0
16.966837597804695,11,94.0
6.967613531926997,12,94.0
