gain,STRANA,counted
19.17506173311193,1,76.0
6.233115367811527,2,76.0
0.1884068790266257,3,76.0
18.089793324112133,4,76.0
11.573574802766885,5,76.0
11.27862460085451,6,76.0
3.4662158725679633,7,76.0
4.447569839850693,8,76.0
0.8611767696028262,9,76.0
1.3287067794478291,10,76.0
16.5135500325755,11,76.0
6.844203998271582,12,76.0
