gain,STRANA,counted
18.804784950640013,1,12.0
5.9566319747279834,2,12.0
0.13349674102773693,3,12.0
15.435038134813283,4,12.0
12.011696198554974,5,12.0
10.933584845850717,6,12.0
3.233518481808079,7,12.0
8.117809893954718,8,12.0
0.6913869175177652,9,12.0
1.1138469948405736,10,12.0
15.677169529418494,11,12.0
7.891035336845661,12,12.0
