gain,STRANA,counted
19.022252015109203,1,59.0
6.250362657850545,2,59.0
0.18017529022421475,3,59.0
18.06749536969281,4,59.0
11.747516362799287,5,59.0
11.127213990621348,6,59.0
3.2572722600043584,7,59.0
4.6516510079342925,8,59.0
0.7707605406789695,9,59.0
1.314826563359664,10,59.0
16.576062884176398,11,59.0
7.034411057548907,12,59.0
