gain,STRANA,counted
3.88349517493964,1,55.0
17.291952311896427,2,55.0
17.53050250829606,3,55.0
7.654287719820216,4,55.0
4.0994109801820064,5,55.0
19.43230506150624,6,55.0
26.8022779421034,7,55.0
3.1791646110542775,8,55.0
0.12660369020173837,9,55.0
