gain,STRANA,counted
19.298367370355148,1,98.0
5.989763313626739,2,98.0
0.2000916828551664,3,98.0
18.077919019167698,4,98.0
11.527435900951334,5,98.0
11.13871448443282,6,98.0
3.473753843518285,7,98.0
4.217863086945473,8,98.0
0.9035177846750135,9,98.0
1.3189810379155347,10,98.0
16.986191329544482,11,98.0
6.8674011460123,12,98.0
