gain,STRANA,counted
19.237946169790245,1,92.0
6.0618579468676455,2,92.0
0.18933257447048274,3,92.0
18.002896704594153,4,92.0
11.567930252221073,5,92.0
11.086968476217805,6,92.0
3.459303558717699,7,92.0
4.283402733750906,8,92.0
0.8787063098913185,9,92.0
1.293885953954134,10,92.0
16.988723083187573,11,92.0
6.949046236336959,12,92.0
