gain,STRANA,counted
4.016803528829054,1,79.0
17.880606987126317,2,79.0
17.11261236226215,3,79.0
7.867629863976779,4,79.0
4.352089612751937,5,79.0
18.978581133091303,6,79.0
26.52154493163429,7,79.0
3.1370420029478527,8,79.0
0.13308957738032112,9,79.0
