gain,STRANA,counted
19.343306429746168,1,97.0
6.002340598059728,2,97.0
0.19876493558116803,3,97.0
18.098246722349465,4,97.0
11.503083747826038,5,97.0
11.117176367103749,6,97.0
3.4316346306361734,7,97.0
4.2150799750292025,8,97.0
0.8848504674956459,9,97.0
1.3298945938323066,10,97.0
16.937272230204673,11,97.0
6.938349302135681,12,97.0
