gain,STRANA,counted
4.0825672968737425,1,96.0
17.76699406293539,2,96.0
16.78803728758292,3,96.0
7.812417642106095,4,96.0
4.529071103879579,5,96.0
18.704916663570543,6,96.0
27.1113324357215,7,96.0
3.0826236020799147,8,96.0
0.12203990525032206,9,96.0
