gain,STRANA,counted
18.992544719047586,1,68.0
6.133513597337266,2,68.0
0.1825790982616293,3,68.0
18.066725551861694,4,68.0
11.534911715150956,5,68.0
11.234616569824663,6,68.0
3.358600147210396,7,68.0
4.588858815062894,8,68.0
0.8414563386473254,9,68.0
1.3322056426603543,10,68.0
16.773099229430155,11,68.0
6.960888575505081,12,68.0
