gain,STRANA,counted
18.69136552624499,1,24.0
6.128206468958586,2,24.0
0.1851767784761279,3,24.0
17.869759024349918,4,24.0
11.680052414878993,5,24.0
10.750551211225696,6,24.0
3.136450524441729,7,24.0
5.854137376569718,8,24.0
0.7787403277070938,9,24.0
1.3805757180129503,10,24.0
15.786514667752026,11,24.0
7.758469961382166,12,24.0
