gain,STRANA,counted
19.050048222933405,1,21.0
6.066492524555374,2,21.0
0.17470002253017378,3,21.0
17.835387929954777,4,21.0
11.695652112181715,5,21.0
10.80205172174615,6,21.0
3.3171204238607115,7,21.0
6.177223565540206,8,21.0
0.7785158002633807,9,21.0
1.310134736114044,10,21.0
15.41747862665023,11,21.0
7.375194313669839,12,21.0
