gain,STRANA,counted
3.6144034916029666,1,46.0
17.461146868759343,2,46.0
17.704094331775966,3,46.0
7.91626749089662,4,46.0
4.172623382404236,5,46.0
19.489332831709604,6,46.0
26.253360877434506,7,46.0
3.259757942538182,8,46.0
0.129012782878584,9,46.0
