gain,STRANA,counted
4.082190935378636,1,94.0
17.765074783269558,2,94.0
16.836739630827843,3,94.0
7.7690657623148915,4,94.0
4.550888884478009,5,94.0
18.776194422877666,6,94.0
26.988146739448393,7,94.0
3.105679877510654,8,94.0
0.12601896389435394,9,94.0
