gain,STRANA,counted
0.15536595855240867,1,10.0
5.177984024592591,2,10.0
30.34664263480894,3,10.0
7.803434426295576,4,10.0
16.071883578925426,5,10.0
0.7061100536024848,6,10.0
4.528224831357334,7,10.0
0.2572387542147192,8,10.0
1.8812936515248433,9,10.0
21.55165925754668,10,10.0
11.520162828578995,11,10.0
