gain,STRANA,counted
0.17921356967560007,1,94.0
5.648751037505207,2,94.0
31.761446321384273,3,94.0
8.623179628421108,4,94.0
15.699349125787348,5,94.0
0.8013809839175234,6,94.0
3.8848356833579274,7,94.0
0.23433803020219582,8,94.0
2.3368064287589236,9,94.0
19.379103560642047,10,94.0
11.451595630347848,11,94.0
