gain,STRANA,counted
0.133818064776139,1,31.0
5.116440799752713,2,31.0
31.92553273289912,3,31.0
8.281339610296815,4,31.0
15.73955530067092,5,31.0
0.8090599708686194,6,31.0
3.8040428350101267,7,31.0
0.19706659231532678,8,31.0
2.1707450934378523,9,31.0
20.41897772608886,10,31.0
11.403421273883506,11,31.0
