gain,STRANA,counted
0.18282940754485336,1,99.0
5.673054048046727,2,99.0
31.761320909094266,3,99.0
8.708630811017843,4,99.0
15.52484281921167,5,99.0
0.8027333442486098,6,99.0
3.872476894764206,7,99.0
0.22995898795956102,8,99.0
2.2985856240665097,9,99.0
19.49474011673059,10,99.0
11.450827037315175,11,99.0
