gain,STRANA,counted
0.18173697743872078,1,96.0
5.65394534749972,2,96.0
31.706285604683877,3,96.0
8.600247055834156,4,96.0
15.63419880528864,5,96.0
0.806453361180383,6,96.0
3.8480901149683095,7,96.0
0.2326381667609313,8,96.0
2.3119828492734955,9,96.0
19.4790405713492,10,96.0
11.545381145722576,11,96.0
