gain,STRANA,counted
0.1799572442128061,1,98.0
5.670386708139405,2,98.0
31.705396004835745,3,98.0
8.618596504363866,4,98.0
15.628671535741143,5,98.0
0.8046488596093977,6,98.0
3.868852587056791,7,98.0
0.2313736172519518,8,98.0
2.3041936613913436,9,98.0
19.481797837864924,10,98.0
11.506125439532639,11,98.0
