gain,STRANA,counted
0.13964083461454638,1,18.0
4.953683378941435,2,18.0
30.39742535907276,3,18.0
7.490185156193608,4,18.0
16.174405218439286,5,18.0
0.7912582003310712,6,18.0
4.2885556373369385,7,18.0
0.2585989795986651,8,18.0
2.12854300872908,9,18.0
21.940069544820446,10,18.0
11.437634681922173,11,18.0
