gain,STRANA,counted
0.12752204136503742,1,24.0
4.860675671732804,2,24.0
32.03052844512241,3,24.0
8.063447164141069,4,24.0
15.561918064374867,5,24.0
0.8292959402518699,6,24.0
4.014649384771131,7,24.0
0.21491109708167694,8,24.0
2.2375893055504092,9,24.0
20.109265649029023,10,24.0
11.95019723657971,11,24.0
