gain,STRANA,counted
0.14507967395865876,1,12.0
5.125272400160577,2,12.0
30.047865727288592,3,12.0
7.5605650402002,4,12.0
16.405685563644933,5,12.0
0.7157487845398101,6,12.0
4.266232217212984,7,12.0
0.26821776123021357,8,12.0
2.185824867596352,9,12.0
21.72546160929579,10,12.0
11.55404635487188,11,12.0
