gain,STRANA,counted
0.1363477588563931,1,28.0
5.265702275449586,2,28.0
31.96513660068011,3,28.0
8.504895725871231,4,28.0
15.73341051518042,5,28.0
0.8120361810174578,6,28.0
3.8106212807522652,7,28.0
0.18003637027373173,8,28.0
2.130530717641076,9,28.0
20.17169456543975,10,28.0
11.289588008837981,11,28.0
