gain,STRANA,counted
0.14002499802490453,1,13.0
5.064436454463119,2,13.0
29.844331261944575,3,13.0
7.6210684978614935,4,13.0
16.545860797453777,5,13.0
0.7247444178806579,6,13.0
4.242421426048114,7,13.0
0.2630015270738191,8,13.0
2.166275695660764,9,13.0
21.845254353309716,10,13.0
11.542580570279066,11,13.0
