gain,STRANA,counted
0.1726388936656982,1,75.0
5.433464105863405,2,75.0
31.5219885130911,3,75.0
8.663337892633043,4,75.0
16.04966345355702,5,75.0
0.8128833159377424,6,75.0
3.874824085131408,7,75.0
0.21610120302675398,8,75.0
2.3601620811279043,9,75.0
19.28742808913101,10,75.0
11.607508366834917,11,75.0
