gain,STRANA,counted
0.18221739605367776,1,100.0
5.671189760594116,2,100.0
31.765867350314476,3,100.0
8.6898416651462,4,100.0
15.514878551416944,5,100.0
0.8026866319940625,6,100.0
3.8843777585825086,7,100.0
0.232472260984076,8,100.0
2.3039884605169165,9,100.0
19.502408697726086,10,100.0
11.450071466670941,11,100.0
