gain,STRANA,counted
0.14616105260785103,1,35.0
5.303069975839664,2,35.0
32.2338696216409,3,35.0
8.27704163186158,4,35.0
15.653276342418001,5,35.0
0.7673680997144084,6,35.0
3.7887729068083993,7,35.0
0.21386413715714117,8,35.0
2.234858040640824,9,35.0
20.091312356045492,10,35.0
11.290405835265746,11,35.0
