gain,STRANA,counted
0.1782894501860392,1,46.0
5.102979593165322,2,46.0
31.499394037548957,3,46.0
8.54080782419302,4,46.0
15.634695424070088,5,46.0
0.8440236725509545,6,46.0
3.8570427476394844,7,46.0
0.2205316810583966,8,46.0
2.296875660698814,9,46.0
19.68311767293665,10,46.0
12.142242235952274,11,46.0
