gain,STRANA,counted
0.1699066011587871,1,72.0
5.456144924189846,2,72.0
31.573322357934945,3,72.0
8.721394910629508,4,72.0
16.036926561327167,5,72.0
0.8118797325244669,6,72.0
3.803893470528271,7,72.0
0.2170171952223015,8,72.0
2.2809994237629305,9,72.0
19.343358435027678,10,72.0
11.5851563876941,11,72.0
