gain,STRANA,counted
0.17713295551817895,1,80.0
5.5494125463413635,2,80.0
31.450859886335692,3,80.0
8.683785591061163,4,80.0
15.848513165263478,5,80.0
0.8357548685510993,6,80.0
3.8750670788029047,7,80.0
0.2237173771935083,8,80.0
2.3665764059104943,9,80.0
19.443040648914057,10,80.0
11.546139476108069,11,80.0
