gain,STRANA,counted
0.17588661415864473,1,60.0
5.306744488334999,2,60.0
31.237304175471163,3,60.0
8.540628191804945,4,60.0
16.02213531490875,5,60.0
0.8382197089560044,6,60.0
3.7977386532277264,7,60.0
0.22643843927140817,8,60.0
2.296918432520367,9,60.0
19.630909937155902,10,60.0
11.927076044190095,11,60.0
