gain,STRANA,counted
0.18117419932032114,1,93.0
5.639272589968155,2,93.0
31.773243027753566,3,93.0
8.596593928142452,4,93.0
15.71425844785158,5,93.0
0.8046357451909214,6,93.0
3.8695283963750007,7,93.0
0.23218352133116885,8,93.0
2.33143447789169,9,93.0
19.417622597477983,10,93.0
11.440053068697157,11,93.0
