gain,STRANA,counted
7.655239469407923,1,36.0
1.148696419757203,2,36.0
4.51468684984149,3,36.0
3.2428848284023903,4,36.0
4.140136506635758,5,36.0
12.16926243485012,6,36.0
24.36367356505216,7,36.0
28.712914311094416,8,36.0
5.292282418685093,9,36.0
8.12832253122594,10,36.0
0.6319006650475024,11,36.0
