gain,STRANA,counted
6.7515765473271,1,78.0
1.1096771849254998,2,78.0
4.706464755593985,3,78.0
3.2515225151615894,4,78.0
4.255024388668854,5,78.0
11.987272163406887,6,78.0
24.03387200583193,7,78.0
29.293515518313544,8,78.0
5.593600641300759,9,78.0
8.368591783317445,10,78.0
0.6488824961524032,11,78.0
