gain,STRANA,counted
7.407740154682539,1,32.0
1.1207712503628364,2,32.0
4.540139107545562,3,32.0
3.212839505145019,4,32.0
4.156212380727253,5,32.0
12.099529145102872,6,32.0
24.529563043746485,7,32.0
28.930527943926904,8,32.0
5.106717493374891,9,32.0
8.241384766324085,10,32.0
0.6545752090615501,11,32.0
