gain,STRANA,counted
6.9023610584981325,1,94.0
1.136974038668408,2,94.0
4.7062349169933,3,94.0
3.2185714135108103,4,94.0
4.242313663300285,5,94.0
11.9333834373497,6,94.0
24.090927829625755,7,94.0
29.23685183767897,8,94.0
5.4703215335718385,9,94.0
8.430947383595829,10,94.0
0.6311128872069733,11,94.0
