gain,STRANA,counted
7.002052204177119,1,68.0
1.0705649005853535,2,68.0
4.653509988302932,3,68.0
3.1272855433289677,4,68.0
4.141737130369692,5,68.0
12.026389035240893,6,68.0
24.071996977637216,7,68.0
29.599830838805985,8,68.0
5.488830656538843,9,68.0
8.157163891668919,10,68.0
0.6606388333440814,11,68.0
