gain,STRANA,counted
6.897448799968742,1,100.0
1.1589730121664623,2,100.0
4.692904217967906,3,100.0
3.2514312164007872,4,100.0
4.210063115724518,5,100.0
11.936143440487811,6,100.0
23.997944816759727,7,100.0
29.35250964054939,8,100.0
5.411234263360856,9,100.0
8.445755011396908,10,100.0
0.645592465216888,11,100.0
