gain,STRANA,counted
6.873868649303361,1,96.0
1.1410012226513546,2,96.0
4.710458663688207,3,96.0
3.2519915718920887,4,96.0
4.231480381372558,5,96.0
11.948419654268626,6,96.0
24.088658602878798,7,96.0
29.205169994221876,8,96.0
5.433556416697089,9,96.0
8.473442300246688,10,96.0
0.6419525427793492,11,96.0
