gain,STRANA,counted
6.868667670395656,1,97.0
1.1538841015725256,2,97.0
4.68856629741268,3,97.0
3.2630443890632264,4,97.0
4.227249994292487,5,97.0
11.937750059175267,6,97.0
24.119435949829153,7,97.0
29.15818501265682,8,97.0
5.433568848860144,9,97.0
8.510012566911621,10,97.0
0.6396351098304189,11,97.0
