gain,STRANA,counted
6.8410954283685195,1,89.0
1.1332456107207731,2,89.0
4.706349225871098,3,89.0
3.2472006190616796,4,89.0
4.24110005049196,5,89.0
11.878706011935817,6,89.0
24.193848332196175,7,89.0
29.263520204781447,8,89.0
5.4782087515580145,9,89.0
8.369678940743945,10,89.0
0.6470468242705666,11,89.0
