gain,STRANA,counted
7.463907124061511,1,39.0
1.1232707197239062,2,39.0
4.472172170683225,3,39.0
3.195585971504191,4,39.0
4.088507401517591,5,39.0
12.157152932701344,6,39.0
24.73949894599694,7,39.0
28.94056722681095,8,39.0
5.354864481999693,9,39.0
7.842163501362473,10,39.0
0.6223095236381734,11,39.0
