gain,STRANA,counted
7.437142480083087,1,19.0
0.9852626135344135,2,19.0
4.610528491270189,3,19.0
3.836337911751206,4,19.0
3.7329581819950843,5,19.0
13.478272462581456,6,19.0
24.745156000914108,7,19.0
26.751780309613864,8,19.0
5.327011008934678,9,19.0
8.423014641004842,10,19.0
0.6725358983170733,11,19.0
