gain,STRANA,counted
7.322317089151367,1,28.0
1.0525726829178481,2,28.0
4.589058657086389,3,28.0
3.3279284350345306,4,28.0
4.109997299957859,5,28.0
12.282834429716901,6,28.0
25.008916146447437,7,28.0
28.355416046489335,8,28.0
5.036582040023275,9,28.0
8.268748482674663,10,28.0
0.6456286905003914,11,28.0
