gain,STRANA,counted
7.10886349243103,1,49.0
1.0695057356765953,2,49.0
4.536167608366335,3,49.0
3.121555731342005,4,49.0
4.1913920543265,5,49.0
12.520078491298184,6,49.0
24.63593363146704,7,49.0
29.056867057497353,8,49.0
5.179583837484129,9,49.0
7.8961431318507,10,49.0
0.6839092282601233,11,49.0
