gain,STRANA,counted
7.1293037244838775,1,45.0
1.1227752691843305,2,45.0
4.489835072443287,3,45.0
3.159906935249748,4,45.0
3.9984135333650044,5,45.0
12.534209986010184,6,45.0
24.583803089955882,7,45.0
29.243405555372075,8,45.0
5.269979328078955,9,45.0
7.791976740988095,10,45.0
0.6763907648685593,11,45.0
