gain,STRANA,counted
7.38973235318879,1,43.0
1.0666413002932542,2,43.0
4.410053113815008,3,43.0
3.134730688747197,4,43.0
4.078698250446626,5,43.0
12.263269085673222,6,43.0
24.62128032628015,7,43.0
29.243972581736006,8,43.0
5.350853925026961,9,43.0
7.789948188639818,10,43.0
0.6508201861529604,11,43.0
