gain,STRANA,counted
7.037124956088404,1,57.0
1.0426751019767615,2,57.0
4.603123583530381,3,57.0
3.1050915998126363,4,57.0
4.151036173752983,5,57.0
12.007777561779221,6,57.0
24.108714809028573,7,57.0
29.88495801793476,8,57.0
5.370139377452535,9,57.0
8.026082869640561,10,57.0
0.6632759490031808,11,57.0
