gain,STRANA,counted
6.757467347754377,1,76.0
1.0960112928906645,2,76.0
4.716658764767166,3,76.0
3.2518061866314563,4,76.0
4.1928913376203685,5,76.0
11.965803922953091,6,76.0
24.04098222869368,7,76.0
29.280162034188617,8,76.0
5.691901300650397,9,76.0
8.350818784627398,10,76.0
0.6554967992227805,11,76.0
