gain,STRANA,counted
7.681703244729647,1,22.0
1.0900180864256634,2,22.0
4.456650317200207,3,22.0
3.500525990679907,4,22.0
3.974189605277603,5,22.0
13.089318663609085,6,22.0
25.00944803231454,7,22.0
27.097994788464604,8,22.0
5.373536806138774,9,22.0
8.113411807108113,10,22.0
0.6132026580518497,11,22.0
