gain,STRANA,counted
6.884631865853056,1,95.0
1.144225552965191,2,95.0
4.7038357954655785,3,95.0
3.2108357117988144,4,95.0
4.237534325326623,5,95.0
11.95915392627321,6,95.0
24.06501526735431,7,95.0
29.244597509649967,8,95.0
5.471013896103482,9,95.0
8.442793419660417,10,95.0
0.6363627295493549,11,95.0
