gain,STRANA,counted
6.984352930309308,1,70.0
1.075813021823257,2,70.0
4.717109060927458,3,70.0
3.129271564301396,4,70.0
4.107789664620959,5,70.0
11.9395053199252,6,70.0
24.134399728096685,7,70.0
29.452970627277324,8,70.0
5.535241365112787,9,70.0
8.253706551191263,10,70.0
0.6698401664143683,11,70.0
