gain,STRANA,counted
6.871693396684949,1,92.0
1.1482889339773694,2,92.0
4.715537057723386,3,92.0
3.2175452576532244,4,92.0
4.286022294511565,5,92.0
11.880126262856006,6,92.0
24.099577215088047,7,92.0
29.299732924469975,8,92.0
5.459380739587894,9,92.0
8.380417658034293,10,92.0
0.6416782594132839,11,92.0
