gain,STRANA,counted
0.940481616444226,1,44.0
2.9422103058527824,2,44.0
4.647049744508478,3,44.0
13.964429162974994,4,44.0
42.78506422536059,5,44.0
2.0555652388956402,6,44.0
2.951108749961797,7,44.0
9.59465215188789,8,44.0
4.727865825852994,9,44.0
4.596971770707108,10,44.0
10.794601207553498,11,44.0
