gain,STRANA,counted
0.9383456078123943,1,65.0
3.196178025637052,2,65.0
5.023753654711164,3,65.0
13.341810913532681,4,65.0
42.36897947315437,5,65.0
2.025106846351672,6,65.0
3.0385899193717076,7,65.0
9.55832191977975,8,65.0
4.76138672267463,9,65.0
4.604270329793636,10,65.0
11.143256587180947,11,65.0
