gain,STRANA,counted
0.9023764385662041,1,98.0
3.23723194068603,2,98.0
5.1647663945535225,3,98.0
13.382166231954656,4,98.0
41.56455026063409,5,98.0
1.9606583302367804,6,98.0
3.097286108581673,7,98.0
9.677232189681876,8,98.0
4.642045029682543,9,98.0
4.495301589922025,10,98.0
11.876385485500593,11,98.0
