gain,STRANA,counted
0.9122689588402275,1,97.0
3.231405958006469,2,97.0
5.1404200903791155,3,97.0
13.353065750381795,4,97.0
41.550268875744266,5,97.0
1.9517428259406004,6,97.0
3.1006200202469167,7,97.0
9.719373253206982,8,97.0
4.648776566809975,9,97.0
4.463189505319562,10,97.0
11.928868195124087,11,97.0
