gain,STRANA,counted
0.9386397317526541,1,37.0
3.046482056580521,2,37.0
4.69570163191087,3,37.0
14.24180145676014,4,37.0
42.39912482231244,5,37.0
2.1394188394344185,6,37.0
2.8870379278779175,7,37.0
9.445558816963263,8,37.0
4.739845183333213,9,37.0
4.736305258839312,10,37.0
10.730084274235253,11,37.0
