gain,STRANA,counted
0.8693677285444587,1,32.0
2.9865883315697688,2,32.0
4.8613040551393985,3,32.0
14.476536799531406,4,32.0
42.21797343241071,5,32.0
2.1913398813773557,6,32.0
2.989987494605204,7,32.0
9.396693501231116,8,32.0
4.849898798148066,9,32.0
4.445180871500156,10,32.0
10.715129105942358,11,32.0
