gain,STRANA,counted
0.9335698687325571,1,84.0
3.0773805166283745,2,84.0
5.113336361286358,3,84.0
13.540924296632795,4,84.0
41.93088488340202,5,84.0
1.9838413304281335,6,84.0
3.1336359584878495,7,84.0
9.585526341354614,8,84.0
4.630794949085739,9,84.0
4.686335589180353,10,84.0
11.383769904781198,11,84.0
