gain,STRANA,counted
0.9889767409418697,1,40.0
2.9597071969879747,2,40.0
4.579769097746184,3,40.0
14.049814502359393,4,40.0
42.58571981623679,5,40.0
2.1023596270321523,6,40.0
2.9218332447011495,7,40.0
9.586408036771637,8,40.0
4.820663831922931,9,40.0
4.615145277921427,10,40.0
10.789602627378496,11,40.0
