gain,STRANA,counted
0.879837240201661,1,18.0
3.3093930732102073,2,18.0
4.925262392788134,3,18.0
14.734967996088578,4,18.0
42.42922987295658,5,18.0
2.4832690045219743,6,18.0
2.3744709578607237,7,18.0
9.38160026530256,8,18.0
4.982088701155281,9,18.0
4.343117971464723,10,18.0
10.156762524449586,11,18.0
