gain,STRANA,counted
0.9358132520705036,1,21.0
3.2027624587391528,2,21.0
5.031735385320775,3,21.0
14.648431665604958,4,21.0
42.427824762230806,5,21.0
2.3609371002930586,6,21.0
2.8366633724545047,7,21.0
9.270473341230199,8,21.0
5.053392709887429,9,21.0
4.109512746733285,10,21.0
10.122453205435336,11,21.0
