gain,STRANA,counted
0.871320054466005,1,22.0
3.2227579495620584,2,22.0
4.973309463742349,3,22.0
14.787363209348781,4,22.0
42.1592447581425,5,22.0
2.3439380602948474,6,22.0
2.827500049698083,7,22.0
9.394413308041159,8,22.0
5.149558154644353,9,22.0
4.114828350442571,10,22.0
10.155766641617292,11,22.0
