gain,STRANA,counted
0.9431978944580657,1,54.0
3.1029831250453133,2,54.0
4.897751489990302,3,54.0
13.632487292049031,4,54.0
42.64121457691149,5,54.0
2.0688904441894636,6,54.0
2.986785500461121,7,54.0
9.539246112548014,8,54.0
4.750601531916141,9,54.0
4.60732229763772,10,54.0
10.829519734793342,11,54.0
