gain,STRANA,counted
0.5378098803493816,1,11.0
3.558543825456964,2,11.0
5.07390791574867,3,11.0
15.563352496028152,4,11.0
41.883548226689236,5,11.0
2.870515640105179,6,11.0
2.3599738079590633,7,11.0
9.005761771056504,8,11.0
5.255274781736436,9,11.0
4.1843205732391935,10,11.0
9.706991081631227,11,11.0
