gain,STRANA,counted
0.9610267345168612,1,38.0
3.0134412424707135,2,38.0
4.616034078518202,3,38.0
14.201093425018934,4,38.0
42.46779662198844,5,38.0
2.119764333366953,6,38.0
2.9845961897838533,7,38.0
9.498689150781697,8,38.0
4.773492654535672,9,38.0
4.64195935687502,10,38.0
10.722106212143645,11,38.0
