gain,STRANA,counted
0.8915106847776393,1,94.0
3.2024919200843964,2,94.0
5.153289896402559,3,94.0
13.469675564822184,4,94.0
41.55817961129216,5,94.0
1.9158119431979588,6,94.0
3.1086352001111592,7,94.0
9.716136388540772,8,94.0
4.618761534683236,9,94.0
4.533847420030838,10,94.0
11.831659836057096,11,94.0
