gain,STRANA,counted
0.9421026078510061,1,71.0
3.246369425000177,2,71.0
5.124248020886026,3,71.0
13.441797839439989,4,71.0
42.29184656821897,5,71.0
1.981236362210728,6,71.0
3.074384281766838,7,71.0
9.517085508347714,8,71.0
4.617873179331356,9,71.0
4.606982321684615,10,71.0
11.156073885262575,11,71.0
