gain,STRANA,counted
0.9012534518239985,1,100.0
3.2276708714281828,2,100.0
5.161127386428986,3,100.0
13.421918449668869,4,100.0
41.526916488639706,5,100.0
1.9439152336280994,6,100.0
3.1021020107917083,7,100.0
9.692808125237129,8,100.0
4.656764705429447,9,100.0
4.47845722106319,10,100.0
11.887066055860679,11,100.0
