gain,STRANA,counted
0.8224554656117966,1,29.0
2.9129723458676717,2,29.0
4.969211254918175,3,29.0
14.537095200322847,4,29.0
42.16973930655324,5,29.0
2.322401143782845,6,29.0
3.057247090459608,7,29.0
9.374608741496031,8,29.0
4.9932792808062105,9,29.0
4.418056730466257,10,29.0
10.422933439715324,11,29.0
