gain,STRANA,counted
0.9643187321396487,1,43.0
2.9296238868402726,2,43.0
4.581945826015713,3,43.0
14.011106777064237,4,43.0
42.74869060114581,5,43.0
2.0736088957313643,6,43.0
2.92041135181828,7,43.0
9.479472070175417,8,43.0
4.785125990434019,9,43.0
4.739729946745355,10,43.0
10.765965921889885,11,43.0
