gain,STRANA,counted
9.081806834302949,1,25.0
26.664241419518188,2,25.0
3.7362788433597394,3,25.0
6.945884705071316,4,25.0
8.4266427879487,5,25.0
0.4982730726509902,6,25.0
0.3402662319661185,7,25.0
0.4236542334608465,8,25.0
2.1844092642908834,9,25.0
27.711372591785988,10,25.0
1.8303505204830088,11,25.0
3.005748358868083,12,25.0
0.7197881548548954,13,25.0
8.431282981438294,14,25.0
