gain,STRANA,counted
9.296575092977,1,61.0
26.467790805281744,2,61.0
3.5894879552178938,3,61.0
7.476103076264732,4,61.0
8.243038125177657,5,61.0
0.4478491138526759,6,61.0
0.29960832839807255,7,61.0
0.3550470439073007,8,61.0
2.1895774953605804,9,61.0
28.2427872616979,10,61.0
1.8686121682703287,11,61.0
2.9997087147348247,12,61.0
0.7517629583035789,13,61.0
7.772051860555716,14,61.0
