gain,STRANA,counted
9.274014057318105,1,68.0
26.823918323851142,2,68.0
3.492061041408092,3,68.0
7.62727211159132,4,68.0
8.10374194500268,5,68.0
0.45530688154134263,6,68.0
0.2997836299976262,7,68.0
0.35505165444444703,8,68.0
2.1258935909366423,9,68.0
28.134712328186538,10,68.0
1.8145926645248722,11,68.0
3.0389864714132058,12,68.0
0.7173072779651466,13,68.0
7.737358021818834,14,68.0
