gain,STRANA,counted
9.36703812765839,1,79.0
27.26806351063995,2,79.0
3.40551977577959,3,79.0
7.641656942369113,4,79.0
8.088904044580783,5,79.0
0.42535031722242533,6,79.0
0.3035257936976831,7,79.0
0.34001742546309166,8,79.0
2.0727740347845853,9,79.0
28.013804525207682,10,79.0
1.7610662827574004,11,79.0
2.9773211656481564,12,79.0
0.7390510839352146,13,79.0
7.595906970255939,14,79.0
