gain,STRANA,counted
9.675125826741947,1,95.0
27.472587243052416,2,95.0
3.3304069396844342,3,95.0
7.837245449499674,4,95.0
8.023798983522035,5,95.0
0.43199460879473256,6,95.0
0.30816200878767275,7,95.0
0.34322095963237137,8,95.0
2.069793129190111,9,95.0
27.480002253902324,10,95.0
1.8415990974802878,11,95.0
2.9901094360505733,12,95.0
0.7416530925826283,13,95.0
7.454300971078798,14,95.0
