gain,STRANA,counted
9.620910858166946,1,88.0
27.266616289335076,2,88.0
3.3130784329482013,3,88.0
7.663276580674353,4,88.0
8.067817003989258,5,88.0
0.4406061130643125,6,88.0
0.3010425463404051,7,88.0
0.34347474448672044,8,88.0
2.0696816406862184,9,88.0
27.83758636465679,10,88.0
1.840684760429965,11,88.0
3.026786439833907,12,88.0
0.7225599221625684,13,88.0
7.485878303225281,14,88.0
