gain,STRANA,counted
9.533405056287858,1,41.0
26.04828501471188,2,41.0
3.7295093324901623,3,41.0
6.787424133563186,4,41.0
8.214822017948485,5,41.0
0.42743973485083714,6,41.0
0.31778233571069786,7,41.0
0.3801860587143491,8,41.0
2.131280760581773,9,41.0
28.358354946470953,10,41.0
1.8518155264846934,11,41.0
2.9738247684922023,12,41.0
0.8120213299452568,13,41.0
8.43384898374766,14,41.0
