gain,STRANA,counted
9.670586032142097,1,90.0
27.37355593172719,2,90.0
3.3057624801256806,3,90.0
7.615125185257848,4,90.0
8.06636168174572,5,90.0
0.43436024063171497,6,90.0
0.29900799564679,7,90.0
0.34175234100200225,8,90.0
2.0679209548349986,9,90.0
27.775370086837952,10,90.0
1.8368349068803385,11,90.0
3.0175308696772563,12,90.0
0.7224420042982466,13,90.0
7.473389289192167,14,90.0
