gain,STRANA,counted
9.174681396036021,1,20.0
26.865046722629483,2,20.0
3.589391227951245,3,20.0
7.066863357790167,4,20.0
8.069038886258335,5,20.0
0.5417784498498809,6,20.0
0.32585642492661687,7,20.0
0.3895780579101965,8,20.0
2.0198649881222583,9,20.0
27.71216179198782,10,20.0
1.8814456006198823,11,20.0
3.175299637696954,12,20.0
0.7549191864614371,13,20.0
8.434074271759705,14,20.0
