gain,STRANA,counted
9.445236027381949,1,38.0
26.04390399909774,2,38.0
3.6907998168045526,3,38.0
6.837756837395993,4,38.0
8.079509400512878,5,38.0
0.4406611703511312,6,38.0
0.3282976713697873,7,38.0
0.3668813009226251,8,38.0
2.144616242317001,9,38.0
28.483919763529002,10,38.0
1.8353754800890705,11,38.0
2.9870198415862945,12,38.0
0.8281677598158939,13,38.0
8.487854688826083,14,38.0
