gain,STRANA,counted
9.668489255051885,1,90.0
27.39018216872806,2,90.0
3.3223153148677222,3,90.0
7.642574666219762,4,90.0
8.053361235269588,5,90.0
0.4376347153671579,6,90.0
0.3020741029031102,7,90.0
0.34452720987000207,8,90.0
2.0659925791727445,9,90.0
27.71752674342177,10,90.0
1.8328520940219455,11,90.0
3.0165038542407236,12,90.0
0.7210861966159274,13,90.0
7.484879864249599,14,90.0
