gain,STRANA,counted
9.782883218040245,1,99.0
27.60830744765159,2,99.0
3.3112413305510415,3,99.0
7.677161946746672,4,99.0
8.10099711905789,5,99.0
0.43051956385355883,6,99.0
0.3040109063176351,7,99.0
0.3395946806866508,8,99.0
2.0815301077165276,9,99.0
27.44481782246371,10,99.0
1.855823180540621,11,99.0
2.9752670331124857,12,99.0
0.7220919808134652,13,99.0
7.365753662447916,14,99.0
