gain,STRANA,counted
9.24972914601319,1,29.0
26.40227090116615,2,29.0
3.6848773548160483,3,29.0
6.817031952299915,4,29.0
8.178597311428126,5,29.0
0.47067664483881305,6,29.0
0.3456336519152653,7,29.0
0.3832227180076248,8,29.0
2.1858955584687303,9,29.0
28.230995264806722,10,29.0
1.7956098409881933,11,29.0
2.8753177174248337,12,29.0
0.8291375681614832,13,29.0
8.551004369664902,14,29.0
