gain,STRANA,counted
9.610221692496694,1,87.0
27.17872997923987,2,87.0
3.3242198420249127,3,87.0
7.652696589274887,4,87.0
8.038493110243941,5,87.0
0.43974228195817044,6,87.0
0.30233889291231236,7,87.0
0.3444662303875563,8,87.0
2.084728994867772,9,87.0
27.918386476287544,10,87.0
1.846276253373932,11,87.0
3.02255812504124,12,87.0
0.7194013757025085,13,87.0
7.517740156188664,14,87.0
