gain,STRANA,counted
9.657253997397504,1,14.0
26.958141242173678,2,14.0
3.437358813200586,3,14.0
7.037560951747983,4,14.0
7.718672541437716,5,14.0
0.577358346661425,6,14.0
0.3471801754603913,7,14.0
0.4193437589143028,8,14.0
1.9228258011971886,9,14.0
27.505032315753585,10,14.0
1.9673104486160233,11,14.0
3.179266068114199,12,14.0
0.722087308729841,13,14.0
8.550608230595577,14,14.0
