gain,STRANA,counted
9.286503892049911,1,72.0
27.03748372063815,2,72.0
3.4598128229910907,3,72.0
7.6658124357157496,4,72.0
8.04438250600758,5,72.0
0.44031965351855346,6,72.0
0.30155233799595726,7,72.0
0.3561382559683974,8,72.0
2.1108011636172943,9,72.0
27.9814853428999,10,72.0
1.801361956373055,11,72.0
2.9930046911545385,12,72.0
0.7490849527294893,13,72.0
7.772256268340332,14,72.0
