gain,STRANA,counted
9.687552131200832,1,92.0
27.305959419708227,2,92.0
3.3216240047770227,3,92.0
7.8139135742571,4,92.0
8.021314939781771,5,92.0
0.4307359298689232,6,92.0
0.31277839875609614,7,92.0
0.34496013992215396,8,92.0
2.050871630180691,9,92.0
27.639467076462722,10,92.0
1.8727718333182524,11,92.0
3.0007750314683586,12,92.0
0.7262922637666772,13,92.0
7.4709836265311775,14,92.0
