gain,STRANA,counted
9.708128684777261,1,93.0
27.398535504746658,2,93.0
3.32912035185536,3,93.0
7.837319066093667,4,93.0
8.034568477398638,5,93.0
0.43258481427605294,6,93.0
0.31147135212764154,7,93.0
0.3413953468804621,8,93.0
2.0568894163482043,9,93.0
27.502053309450496,10,93.0
1.8598037536640415,11,93.0
2.9964336623930286,12,93.0
0.7232129331588564,13,93.0
7.468483326829632,14,93.0
