gain,STRANA,counted
9.798132023885126,1,100.0
27.635258102223446,2,100.0
3.2964493672088286,3,100.0
7.684608885245813,4,100.0
8.120913038454447,5,100.0
0.43098836535816754,6,100.0
0.30202223680744833,7,100.0
0.33862334769457203,8,100.0
2.0761898315473357,9,100.0
27.37544953964396,10,100.0
1.8516767363419884,11,100.0
2.9798664468197145,12,100.0
0.7185075079233829,13,100.0
7.391314570845768,14,100.0
