gain,STRANA,counted
9.398835247736981,1,53.0
25.951508730589385,2,53.0
3.7592844372131387,3,53.0
7.491983016348648,4,53.0
8.157240028627703,5,53.0
0.42410427193412165,6,53.0
0.3013584795296365,7,53.0
0.3777812391225146,8,53.0
2.226455873184364,9,53.0
28.31503175099966,10,53.0
1.8750276435326463,11,53.0
3.002647793356282,12,53.0
0.7808165199256131,13,53.0
7.937924967899307,14,53.0
