gain,STRANA,counted
9.104343499195535,1,23.0
26.291027666617833,2,23.0
3.7483333733093436,3,23.0
6.97330259347476,4,23.0
8.337855055722521,5,23.0
0.5009988534529282,6,23.0
0.3306554967906218,7,23.0
0.3839870155457734,8,23.0
2.2212791609769784,9,23.0
27.994483280503886,10,23.0
1.8489963352251928,11,23.0
3.0488900526923386,12,23.0
0.7240867548462626,13,23.0
8.491760861646029,14,23.0
