gain,STRANA,counted
9.66224127503938,1,98.0
27.567582525876322,2,98.0
3.318035525460192,3,98.0
7.748310343805303,4,98.0
8.116419235376634,5,98.0
0.4309669686342792,6,98.0
0.302231137322218,7,98.0
0.34283743979254333,8,98.0
2.085621423095834,9,98.0
27.486258651085656,10,98.0
1.8542254762049526,11,98.0
2.982260322881055,12,98.0
0.7216467134051013,13,98.0
7.381362962020529,14,98.0
