gain,STRANA,counted
9.619432243715297,1,89.0
27.246088589858612,2,89.0
3.3039896877985675,3,89.0
7.6514415990196625,4,89.0
8.073858378751837,5,89.0
0.4387740525847855,6,89.0
0.30170780878966874,7,89.0
0.34569851848602096,8,89.0
2.0704151679143297,9,89.0
27.855436415760888,10,89.0
1.8444405830072161,11,89.0
3.040924507105367,12,89.0
0.7192605274970479,13,89.0
7.488531919710701,14,89.0
