gain,STRANA,counted
9.496551292763233,1,45.0
26.27898025764461,2,45.0
3.7122661615026518,3,45.0
6.81107063772677,4,45.0
8.277964969213048,5,45.0
0.44438721066947984,6,45.0
0.31980073227527156,7,45.0
0.3759119679235874,8,45.0
2.123415515005824,9,45.0
28.3628959799805,10,45.0
1.8366595234105567,11,45.0
2.9778407204626456,12,45.0
0.7857229158927026,13,45.0
8.19653211552912,14,45.0
