gain,STRANA,counted
9.119874223817739,1,32.0
26.263133491752694,2,32.0
3.651090297995284,3,32.0
6.997468597277214,4,32.0
8.088424198023489,5,32.0
0.4728100006303969,6,32.0
0.334561569249552,7,32.0
0.37292688613508507,8,32.0
2.2484248399754034,9,32.0
28.482174332231523,10,32.0
1.835016051268226,11,32.0
2.8820233697999362,12,32.0
0.8113896905884592,13,32.0
8.440682451254995,14,32.0
