gain,STRANA,counted
9.698218641008557,1,96.0
27.645881627268366,2,96.0
3.322962600867686,3,96.0
7.775514270532841,4,96.0
8.030721055979578,5,96.0
0.4360211293081309,6,96.0
0.3053210319333764,7,96.0
0.34040399038165053,8,96.0
2.0663871697808833,9,96.0
27.3767257315361,10,96.0
1.8453691553103355,11,96.0
3.0032343582033314,12,96.0
0.7359698976962387,13,96.0
7.4172693401929335,14,96.0
