gain,STRANA,counted
9.16553492049553,1,35.0
26.16334653895373,2,35.0
3.6939895295595035,3,35.0
6.9337014060297815,4,35.0
8.059981860607683,5,35.0
0.45934714091376627,6,35.0
0.33815119845916064,7,35.0
0.38439449298241146,8,35.0
2.2209814183987433,9,35.0
28.514834735529604,10,35.0
1.8076647968171842,11,35.0
2.9886447613138976,12,35.0
0.8201421177081683,13,35.0
8.449285082230842,14,35.0
