gain,STRANA,counted
9.531681995665807,1,43.0
26.0674708718101,2,43.0
3.700154854958014,3,43.0
6.817988631526978,4,43.0
8.282803417092738,5,43.0
0.4307619414850421,6,43.0
0.32031267321263196,7,43.0
0.38337088220722526,8,43.0
2.1462141501887473,9,43.0
28.334657859608743,10,43.0
1.8733080178048658,11,43.0
2.9671852252291706,12,43.0
0.7971397626693555,13,43.0
8.346949716540585,14,43.0
