gain,STRANA,counted
12.883927495987072,1,77.0
0.8238524652227864,2,77.0
0.010535521624310734,3,77.0
1.8332416589702722,4,77.0
11.884817559429175,5,77.0
5.889445991513875,6,77.0
5.4793144501849955,7,77.0
34.51627485679894,8,77.0
5.383241585845032,9,77.0
3.9969818994694672,10,77.0
0.5745755022912955,11,77.0
1.3828546285310288,12,77.0
14.663215876022537,13,77.0
0.677720508109218,14,77.0
