gain,STRANA,counted
12.75930656258466,1,92.0
0.8560036717060802,2,92.0
0.010100122344186988,3,92.0
1.8793268415233346,4,92.0
11.767781631702814,5,92.0
5.859675570733325,6,92.0
6.347807136295022,7,92.0
34.145013274537625,8,92.0
5.225730611559043,9,92.0
3.917871097869946,10,92.0
0.6465720000315924,11,92.0
1.4521812847321602,12,92.0
14.477491036336707,13,92.0
0.6551391580435025,14,92.0
