gain,STRANA,counted
12.777464185669347,1,95.0
0.8617958572192483,2,95.0
0.010407449781991478,3,95.0
1.8845362437842392,4,95.0
11.758910583531742,5,95.0
5.820221652834647,6,95.0
6.437444391561453,7,95.0
34.03080020303404,8,95.0
5.3070509848182965,9,95.0
3.9009502562203924,10,95.0
0.6477607699274027,11,95.0
1.455473164705007,12,95.0
14.435834454147267,13,95.0
0.6713498027649286,14,95.0
