gain,STRANA,counted
11.834037364815346,1,15.0
0.8187740244535091,2,15.0
0.009645535362263253,3,15.0
1.8613402500797107,4,15.0
13.733776286888833,5,15.0
6.836700856766044,6,15.0
4.078471787809157,7,15.0
36.42732845863598,8,15.0
5.023073749261494,9,15.0
3.957700013726675,10,15.0
0.651898108995611,11,15.0
1.6224029263080129,12,15.0
12.609191919665241,13,15.0
0.535658717232127,14,15.0
