gain,STRANA,counted
12.744816589856676,1,90.0
0.8527260409026907,2,90.0
0.010028701644700821,3,90.0
1.8705954100916293,4,90.0
11.791582212256072,5,90.0
5.838381066001976,6,90.0
6.221940875550122,7,90.0
34.17112831522526,8,90.0
5.273567053660027,9,90.0
3.9010837169577166,10,90.0
0.6450999918748392,11,90.0
1.4557492164847892,12,90.0
14.55236696783152,13,90.0
0.6709338416619823,14,90.0
