gain,STRANA,counted
8.063001105828782,1,89.0
8.315492870465228,2,89.0
8.631452987642408,3,89.0
3.368264203885421,4,89.0
1.3564189875600179,5,89.0
28.731852913872913,6,89.0
3.544624793279861,7,89.0
11.043609440342292,8,89.0
1.824307270119288,9,89.0
16.31240608854845,10,89.0
2.8881208940477885,11,89.0
4.469762335380655,12,89.0
1.4506861090268943,13,89.0
