gain,STRANA,counted
12.869197176744008,1,76.0
0.8211409462044615,2,76.0
0.010575619178660973,3,76.0
1.831138020733357,4,76.0
11.872595419249569,5,76.0
5.873638723651478,6,76.0
5.4471582556250535,7,76.0
34.54318684548483,8,76.0
5.357781170760919,9,76.0
4.0076075296863145,10,76.0
0.5767755121316237,11,76.0
1.3797911416730402,12,76.0
14.724618982918342,13,76.0
0.6847946559583399,14,76.0
