gain,STRANA,counted
12.763199507743048,1,89.0
0.8518915962719084,2,89.0
0.01010174172668108,3,89.0
1.8715400753652633,4,89.0
11.793595154789864,5,89.0
5.861869629881419,6,89.0
6.029363013959667,7,89.0
34.25086708691269,8,89.0
5.294336051252111,9,89.0
3.91832274302016,10,89.0
0.6250752502801088,11,89.0
1.449743030412092,12,89.0
14.615292271518218,13,89.0
0.6648028468667615,14,89.0
