gain,STRANA,counted
12.763275332033718,1,97.0
0.8752169126294571,2,97.0
0.010481406863772148,3,97.0
1.8892419493885277,4,97.0
11.633121591122103,5,97.0
5.831943156288321,6,97.0
6.598072565795117,7,97.0
33.868974134092454,8,97.0
5.350838780239565,9,97.0
3.864740612139804,10,97.0
0.662672919491032,11,97.0
1.4425537289099395,12,97.0
14.533343928360843,13,97.0
0.6755229826453464,14,97.0
