gain,STRANA,counted
8.058247063033122,1,55.0
8.282960386890817,2,55.0
8.69936744690986,3,55.0
3.3809204148511323,4,55.0
1.3914885320642727,5,55.0
29.625073953864632,6,55.0
3.3396717590071767,7,55.0
11.340372120559925,8,55.0
1.748789055901754,9,55.0
15.744707429556279,10,55.0
2.6866902604160403,11,55.0
4.172196071921428,12,55.0
1.5295155050235547,13,55.0
