gain,STRANA,counted
8.397588151569439,1,18.0
8.33315001935253,2,18.0
7.908295351332321,3,18.0
3.3002267632289537,4,18.0
1.3984337649689114,5,18.0
27.545656966644817,6,18.0
3.0188500693544964,7,18.0
12.177212647742468,8,18.0
2.1940575748214366,9,18.0
16.72720818568119,10,18.0
3.0260068050062747,11,18.0
4.444771946146302,12,18.0
1.5285417541508588,13,18.0
