gain,STRANA,counted
11.605818417313728,1,9.0
0.6592001256318621,2,9.0
0.011284889764952592,3,9.0
1.8803810383718855,4,9.0
14.484290065365371,5,9.0
7.136424798900354,6,9.0
4.053332940851422,7,9.0
36.308912976013254,8,9.0
5.038757372085612,9,9.0
4.122778291363572,10,9.0
0.7281125681360783,11,9.0
1.8550732445896934,12,9.0
11.795162423126312,13,9.0
0.3204708484859093,14,9.0
