gain,STRANA,counted
8.064907229569462,1,88.0
8.320262828125081,2,88.0
8.665996056810332,3,88.0
3.3759141173526124,4,88.0
1.3623696457766867,5,88.0
28.661660244388205,6,88.0
3.568696418663373,7,88.0
11.083088055727911,8,88.0
1.8247171353266416,9,88.0
16.31803014527099,10,88.0
2.8855239132364883,11,88.0
4.420924468434281,12,88.0
1.4479097413179407,13,88.0
