gain,STRANA,counted
12.7967464897769,1,97.0
0.8781548437949096,2,97.0
0.010478664264451832,3,97.0
1.8939123020393311,4,97.0
11.617586151413544,5,97.0
5.838178742515974,6,97.0
6.582337520776485,7,97.0
33.82304635507702,8,97.0
5.3475963832527205,9,97.0
3.894791724217313,10,97.0
0.6609119043568544,11,97.0
1.4441092942122198,12,97.0
14.535529446208312,13,97.0
0.6766201780939685,14,97.0
