gain,STRANA,counted
12.788450687346952,1,94.0
0.8645941501417633,2,94.0
0.010356862455967682,3,94.0
1.8920335660405032,4,94.0
11.762821110077109,5,94.0
5.826959067862203,6,94.0
6.441814442913278,7,94.0
34.014228121053996,8,94.0
5.314437999170502,9,94.0
3.9017215476503746,10,94.0
0.6462961977250344,11,94.0
1.4562798200022056,12,94.0
14.410580446849625,13,94.0
0.6694259807104828,14,94.0
