gain,STRANA,counted
8.635572914436567,1,24.0
8.290558076911683,2,24.0
7.660846181352975,3,24.0
3.2674900933748745,4,24.0
1.2263394622211126,5,24.0
28.6585481121234,6,24.0
2.9002613439765046,7,24.0
12.17269463998052,8,24.0
2.2788975883928324,9,24.0
16.068323252339,10,24.0
3.076089830100257,11,24.0
4.087017512336774,12,24.0
1.6773609924535058,13,24.0
