gain,STRANA,counted
11.918220404707576,1,16.0
0.8055278695116264,2,16.0
0.009441334390432444,3,16.0
1.8447893295993563,4,16.0
13.681460778004222,5,16.0
6.783910131873884,6,16.0
4.124815940686547,7,16.0
36.38395615808093,8,16.0
5.058892017401457,9,16.0
3.9991236254090325,10,16.0
0.6459217758740348,11,16.0
1.592925605237274,12,16.0
12.62955935257789,13,16.0
0.5214556766457398,14,16.0
