gain,STRANA,counted
7.94228317852645,1,67.0
8.079005330563227,2,67.0
8.475740612147366,3,67.0
3.243213491336267,4,67.0
1.3475328154995414,5,67.0
29.295113503360042,6,67.0
3.5411979255545907,7,67.0
11.356310902952757,8,67.0
1.7886523853474001,9,67.0
16.340081762001592,10,67.0
2.787968036388997,11,67.0
4.279518578847675,12,67.0
1.5233814774740957,13,67.0
