gain,STRANA,counted
8.035209412341068,1,90.0
8.33646135959552,2,90.0
8.602284797349657,3,90.0
3.342747849415966,4,90.0
1.3741545029833895,5,90.0
28.702603600141842,6,90.0
3.5334563531802794,7,90.0
11.020155949867135,8,90.0
1.9807148687128941,9,90.0
16.282336449464953,10,90.0
2.8815062149061554,11,90.0
4.458435763897435,12,90.0
1.4499328781437033,13,90.0
