gain,STRANA,counted
12.78203851111481,1,90.0
0.8549338332627845,2,90.0
0.010020516884326274,3,90.0
1.864550901798444,4,90.0
11.78886731479703,5,90.0
5.858416670704166,6,90.0
6.214784909315749,7,90.0
34.1846969549454,8,90.0
5.270003000243238,9,90.0
3.889828465322708,10,90.0
0.6418869796040664,11,90.0
1.4570944803096457,12,90.0
14.514414906844658,13,90.0
0.6684625548529735,14,90.0
