gain,STRANA,counted
12.730255716106203,1,53.0
0.8144879980114098,2,53.0
0.01012890405893101,3,53.0
1.8403577265007756,4,53.0
12.291886095306396,5,53.0
6.274463163690666,6,53.0
5.045310601082969,7,53.0
34.74896940959762,8,53.0
5.424484645448724,9,53.0
3.86925789177974,10,53.0
0.56127920929355,11,53.0
1.3823170132069178,12,53.0
14.493683365276086,13,53.0
0.5131182606400136,14,53.0
