gain,STRANA,counted
12.78301435128688,1,86.0
0.8535112869999522,2,86.0
0.010165120446853264,3,86.0
1.859075145218906,4,86.0
11.77844890722429,5,86.0
5.887721053686123,6,86.0
5.91769349523025,7,86.0
34.32699006753695,8,86.0
5.303500583194237,9,86.0
3.925672017428947,10,86.0
0.6062366503975155,11,86.0
1.438084592816434,12,86.0
14.655210819156894,13,86.0
0.6546759093757784,14,86.0
