gain,STRANA,counted
11.46640169427646,1,7.0
0.7152292058004545,2,7.0
0.012469263266882953,3,7.0
1.8947510673243677,4,7.0
14.294414242990946,5,7.0
7.132002199420041,6,7.0
3.9336732520828672,7,7.0
35.98343299144216,8,7.0
5.068072333211555,9,7.0
4.3330974577516415,10,7.0
0.673700105325014,11,7.0
1.9639346575515704,12,7.0
12.193351270148463,13,7.0
0.3354702594075798,14,7.0
