gain,STRANA,counted
8.093847239987397,1,84.0
8.399301855281543,2,84.0
8.613080607253465,3,84.0
3.3797190878159515,4,84.0
1.3479499345220385,5,84.0
28.638317737070622,6,84.0
3.554777428051853,7,84.0
11.022713517329896,8,84.0
1.8158854590977567,9,84.0
16.351746309268446,10,84.0
2.8751146717774145,11,84.0
4.451735801740754,12,84.0
1.4558103508028637,13,84.0
