gain,STRANA,counted
12.76914839757984,1,91.0
0.8537710154294017,2,91.0
0.010080830600395574,3,91.0
1.8777714004398354,4,91.0
11.755718357699116,5,91.0
5.8570064170039355,6,91.0
6.286744054983615,7,91.0
34.194007293531314,8,91.0
5.243829222439096,9,91.0
3.8981301003383826,10,91.0
0.635813803746182,11,91.0
1.4613357307443013,12,91.0
14.496871792386221,13,91.0
0.6597715830783639,14,91.0
