gain,STRANA,counted
12.762059392640307,1,93.0
0.8577177085207477,2,93.0
0.010139831593868586,3,93.0
1.8849735260487819,4,93.0
11.767820983033056,5,93.0
5.845724524443596,6,93.0
6.339971301696782,7,93.0
34.102353597248104,8,93.0
5.3295830551896355,9,93.0
3.907737854418442,10,93.0
0.6414010407961949,11,93.0
1.4557574897978942,12,93.0
14.423718706450986,13,93.0
0.6710409881216111,14,93.0
