gain,STRANA,counted
12.77944431154645,1,89.0
0.8506476463122281,2,89.0
0.010068696672268111,3,89.0
1.867347619185765,4,89.0
11.81166591209415,5,89.0
5.8476656880467655,6,89.0
6.139224171707715,7,89.0
34.18008855972772,8,89.0
5.274952957902427,9,89.0
3.91141967106941,10,89.0
0.6435245886834008,11,89.0
1.4575740858934774,12,89.0
14.560938061622416,13,89.0
0.6654380295358014,14,89.0
