gain,STRANA,counted
12.704565259664715,1,48.0
0.8302866775844141,2,48.0
0.01035534080695241,3,48.0
1.8450274897624803,4,48.0
12.3459448933903,5,48.0
6.349161125555529,6,48.0
4.981649564947164,7,48.0
34.88916025051048,8,48.0
5.374591858570674,9,48.0
3.8127510115776384,10,48.0
0.5648221387748924,11,48.0
1.362472925316367,12,48.0
14.39798558880323,13,48.0
0.5312258747351621,14,48.0
