gain,STRANA,counted
12.752713318345965,1,95.0
0.8618972599890947,2,95.0
0.010492272487912516,3,95.0
1.8916486967924275,4,95.0
11.717837432999675,5,95.0
5.838686261531787,6,95.0
6.576820957149995,7,95.0
33.89123357380771,8,95.0
5.326809206022297,9,95.0
3.883443525015479,10,95.0
0.6530255736048556,11,95.0
1.4479102346817816,12,95.0
14.478362087832231,13,95.0
0.6691195997387861,14,95.0
