gain,STRANA,counted
12.762532911959232,1,82.0
0.8426709264338993,2,82.0
0.01039007329411441,3,82.0
1.8666919454806168,4,82.0
11.747103573222393,5,82.0
5.926516750731404,6,82.0
5.568111863204828,7,82.0
34.52156785215182,8,82.0
5.33570195560435,9,82.0
3.951932589357347,10,82.0
0.6038546855793654,11,82.0
1.4121789052445681,12,82.0
14.7997521258556,13,82.0
0.6509938418804572,14,82.0
