gain,STRANA,counted
12.009267432347215,1,5.0
0.8821952698066917,2,5.0
0.014136253987489888,3,5.0
1.7661460460904899,4,5.0
13.000574529536513,5,5.0
8.242367880440222,6,5.0
4.261372918403315,7,5.0
35.38453436745986,8,5.0
5.037650924573345,9,5.0
4.345398615065897,10,5.0
0.6210596841877507,11,5.0
1.8984195181884496,12,5.0
12.167877996270056,13,5.0
0.3689985636427067,14,5.0
