gain,STRANA,counted
8.050887999344344,1,98.0
8.329716430621795,2,98.0
8.900504436273934,3,98.0
3.3799039778316935,4,98.0
1.3870957189537916,5,98.0
28.476279937138717,6,98.0
3.506832467160601,7,98.0
10.98521189320758,8,98.0
1.9232077727334798,9,98.0
16.355484482262014,10,98.0
2.808997121687689,11,98.0
4.450231073736422,12,98.0
1.445646689047941,13,98.0
