gain,STRANA,counted
12.488819260342183,1,23.0
0.8416943264298401,2,23.0
0.009721239241915196,3,23.0
1.8933274330815892,4,23.0
12.992457277497326,5,23.0
6.830559210608213,6,23.0
4.240970930362526,7,23.0
35.83736309575214,8,23.0
5.019759293245285,9,23.0
4.017056683263479,10,23.0
0.7552250695692941,11,23.0
1.500249164784512,12,23.0
13.070568058244694,13,23.0
0.5022289575769997,14,23.0
