gain,STRANA,counted
12.70003114965688,1,42.0
0.8524189528223144,2,42.0
0.010404860624803123,3,42.0
1.8756593834688553,4,42.0
12.497641339486405,5,42.0
6.482901408187114,6,42.0
4.704003217093897,7,42.0
35.1030966447421,8,42.0
5.3407121112412765,9,42.0
3.8887696508030936,10,42.0
0.5909314279915461,11,42.0
1.3580921517832678,12,42.0
14.01689454886021,13,42.0
0.5784431532382425,14,42.0
