gain,STRANA,counted
12.743428021981993,1,100.0
0.8724557788449075,2,100.0
0.010495988591585566,3,100.0
1.890135588566591,4,100.0
11.578542174524129,5,100.0
5.851608797755593,6,100.0
6.814383992240044,7,100.0
33.72001752447966,8,100.0
5.407017772628152,9,100.0
3.8315772043378353,10,100.0
0.666861237238673,11,100.0
1.4255781090934772,12,100.0
14.48542860543853,13,100.0
0.7024692042788322,14,100.0
