gain,STRANA,counted
12.736982115363507,1,62.0
0.8361165609830122,2,62.0
0.010492445710698777,3,62.0
1.820104201255573,4,62.0
12.174944936937555,5,62.0
6.077664208275896,6,62.0
5.042410179301242,7,62.0
34.651909447996246,8,62.0
5.4222712132164235,9,62.0
3.9835620024817118,10,62.0
0.5484561554361089,11,62.0
1.4011727679989845,12,62.0
14.50275511313449,13,62.0
0.7911586519085467,14,62.0
