gain,STRANA,counted
12.763543150957801,1,88.0
0.8540277702676815,2,88.0
0.010072344558623398,3,88.0
1.8745709359133687,4,88.0
11.79863301555475,5,88.0
5.867279128266097,6,88.0
6.039161559600185,7,88.0
34.23597281369955,8,88.0
5.299149798868818,9,88.0
3.914211267831269,10,88.0
0.6162528700667222,11,88.0
1.4493865020123113,12,88.0
14.61972733631079,13,88.0
0.6580115060920383,14,88.0
