gain,STRANA,counted
7.959105510912148,1,44.0
8.278541010943732,2,44.0
8.477595418171942,3,44.0
3.2231303732314442,4,44.0
1.4147889048071571,5,44.0
29.214321588576965,6,44.0
3.084627264527915,7,44.0
11.818203100351909,8,44.0
1.8422018656864274,9,44.0
16.295716557573265,10,44.0
2.83866217011679,11,44.0
3.97811908520319,12,44.0
1.574987149897121,13,44.0
