gain,STRANA,counted
8.037829796184827,1,97.0
8.365712151227672,2,97.0
8.854164315380277,3,97.0
3.3897596223070514,4,97.0
1.3973474260086247,5,97.0
28.581976639736244,6,97.0
3.5009544603678173,7,97.0
11.005805123446907,8,97.0
1.9370875773809706,9,97.0
16.22195648269629,10,97.0
2.8183303743976675,11,97.0
4.438902022278469,12,97.0
1.450174008587188,13,97.0
