gain,STRANA,counted
8.929104195781903,1,14.0
8.666026219748124,2,14.0
8.271375310367947,3,14.0
3.329965611059455,4,14.0
1.3470481790451578,5,14.0
26.843959400451737,6,14.0
2.9202886083621413,7,14.0
11.521393724156486,8,14.0
1.484983193829305,9,14.0
17.726813202176146,10,14.0
3.2712308632457274,11,14.0
4.398095147191939,12,14.0
1.2897163445839264,13,14.0
