gain,STRANA,counted
8.68847260869151,1,13.0
8.570557957998865,2,13.0
7.681295928081442,3,13.0
2.9438715863297964,4,13.0
1.3017198337302045,5,13.0
27.476071862527245,6,13.0
2.8155450260499393,7,13.0
12.018770315707675,8,13.0
2.3182404737608615,9,13.0
16.680443184589624,10,13.0
3.7169518426422874,11,13.0
4.551760666983384,12,13.0
1.23629871290717,13,13.0
