gain,STRANA,counted
12.80309553644345,1,89.0
0.852245830814696,2,89.0
0.010068335193479985,3,89.0
1.8714378177446862,4,89.0
11.797202643284614,5,89.0
5.858154505746059,6,89.0
6.017243843727819,7,89.0
34.2356310612899,8,89.0
5.282735269483539,9,89.0
3.919801055718597,10,89.0
0.6437788933498565,11,89.0
1.4603348838456838,12,89.0
14.582350241898409,13,89.0
0.6659200814592054,14,89.0
