gain,STRANA,counted
12.73507790600013,1,85.0
0.8476296160161947,2,85.0
0.0102327615646478,3,85.0
1.8575512717357963,4,85.0
11.792979168605168,5,85.0
5.864729607426268,6,85.0
5.929179236543149,7,85.0
34.37920213900446,8,85.0
5.312514511176566,9,85.0
3.922238717986057,10,85.0
0.6134109096353049,11,85.0
1.4404245108616702,12,85.0
14.643196827640695,13,85.0
0.6516328158038924,14,85.0
