gain,STRANA,counted
12.744720222197833,1,96.0
0.8596854198948711,2,96.0
0.01047483274959501,3,96.0
1.8928033155199573,4,96.0
11.707200679458843,5,96.0
5.833880654379977,6,96.0
6.5795716270134115,7,96.0
33.93371156715625,8,96.0
5.324112908464721,9,96.0
3.8797974340512518,10,96.0
0.6525812341615103,11,96.0
1.445762085460583,12,96.0
14.463075664006114,13,96.0
0.6726223554850815,14,96.0
