gain,STRANA,counted
11.93969259296584,1,18.0
0.8412645405841906,2,18.0
0.0094207632920683,3,18.0
1.8560709789010013,4,18.0
13.49165838749916,5,18.0
6.825664434274671,6,18.0
4.133560905653932,7,18.0
36.57918446914506,8,18.0
4.991710635087775,9,18.0
4.090421743246362,10,18.0
0.6574595274347144,11,18.0
1.5156925566629418,12,18.0
12.59138612303691,13,18.0
0.4768123422153707,14,18.0
