gain,STRANA,counted
11.523532597173961,1,10.0
0.7086076605432576,2,10.0
0.010662076623586515,3,10.0
1.9087068484689689,4,10.0
14.387752485302553,5,10.0
6.810380706253194,6,10.0
4.057743723550832,7,10.0
35.93785922747077,8,10.0
5.179622641061374,9,10.0
4.106494404085612,10,10.0
0.7002964072671727,11,10.0
1.6542018046957656,12,10.0
12.732682794442841,13,10.0
0.28145662306011177,14,10.0
