gain,STRANA,counted
8.083612246111123,1,95.0
8.436827044392277,2,95.0
8.678287815810304,3,95.0
3.3641131584447868,4,95.0
1.388289091100975,5,95.0
28.55587363610521,6,95.0
3.5216251850272626,7,95.0
11.018607351922876,8,95.0
1.9434501164393387,9,95.0
16.28985075090706,10,95.0
2.8502892479435067,11,95.0
4.428623877637012,12,95.0
1.4405504781582619,13,95.0
