gain,STRANA,counted
8.05180280318845,1,91.0
8.413704239709363,2,91.0
8.608377495337539,3,91.0
3.3260116305588103,4,91.0
1.3585525842674553,5,91.0
28.710026290897744,6,91.0
3.520223145168794,7,91.0
11.053764894076318,8,91.0
1.9632999271551974,9,91.0
16.228365488628658,10,91.0
2.861615614079961,11,91.0
4.441595398855225,12,91.0
1.4626604880764862,13,91.0
