gain,STRANA,counted
12.852130633379314,1,79.0
0.8370201961110294,2,79.0
0.010480670995061756,3,79.0
1.8439215780478913,4,79.0
11.820401364559704,5,79.0
5.85975385048359,6,79.0
5.484416619807617,7,79.0
34.570605526945016,8,79.0
5.374641701915021,9,79.0
3.997266886629211,10,79.0
0.5992643573376868,11,79.0
1.4161831905041886,12,79.0
14.661049383738161,13,79.0
0.6728640395465004,14,79.0
