gain,STRANA,counted
12.791217382865872,1,94.0
0.8668942841070563,2,94.0
0.01026607216014117,3,94.0
1.8905535507106224,4,94.0
11.772124795868825,5,94.0
5.813003764054676,6,94.0
6.384453683418344,7,94.0
34.055258619455294,8,94.0
5.326558965333715,9,94.0
3.90403973146278,10,94.0
0.6377477218563666,11,94.0
1.4551270472744608,12,94.0
14.427984265106703,13,94.0
0.6647701163251539,14,94.0
