gain,STRANA,counted
12.397477373599285,1,21.0
0.8030075771348306,2,21.0
0.0098776147244234,3,21.0
1.9758385889761758,4,21.0
13.36644960756809,5,21.0
6.861788762563727,6,21.0
4.031403474414877,7,21.0
35.92457172504703,8,21.0
4.996715530317171,9,21.0
4.016696141492123,10,21.0
0.7834604696971941,11,21.0
1.5297370269275194,12,21.0
12.785573974329006,13,21.0
0.5174021332085452,14,21.0
