gain,STRANA,counted
12.555397104580205,1,33.0
0.8091053594309835,2,33.0
0.01059331043787762,3,33.0
1.8951084147523687,4,33.0
12.643893257527958,5,33.0
6.4859175859497435,6,33.0
4.426409202275997,7,33.0
35.718912107818305,8,33.0
5.240124744074076,9,33.0
3.9541734459274136,10,33.0
0.6401594689893189,11,33.0
1.4114362657086357,12,33.0
13.522890521890583,13,33.0
0.6858792106365339,14,33.0
