gain,STRANA,counted
8.25099927431076,1,32.0
8.19344026442167,2,32.0
8.270440555256496,3,32.0
3.134732630731676,4,32.0
1.2902301692712173,5,32.0
29.093752539309914,6,32.0
2.807487419447522,7,32.0
12.67997630789318,8,32.0
2.126435604029111,9,32.0
15.649223525136758,10,32.0
2.8928790847924084,11,32.0
4.062104910604766,12,32.0
1.5482977147945232,13,32.0
