gain,STRANA,counted
12.313816362065342,1,19.0
0.8189439240384122,2,19.0
0.009613112316322682,3,19.0
1.952340045115927,4,19.0
13.50190412246597,5,19.0
6.8017870241991725,6,19.0
4.121335320587246,7,19.0
36.45325831973344,8,19.0
4.929669037366519,9,19.0
4.038973948636249,10,19.0
0.6940023769517829,11,19.0
1.5545679197540385,12,19.0
12.344577052982821,13,19.0
0.46521143378675156,14,19.0
