gain,STRANA,counted
8.55276025302607,1,27.0
8.369463903292873,2,27.0
7.807142256985202,3,27.0
3.2609052487368513,4,27.0
1.2034351632067717,5,27.0
28.48810241479563,6,27.0
2.8588814489855046,7,27.0
12.004886568643599,8,27.0
2.2861898876162883,9,27.0
16.6304577492741,10,27.0
2.9105809032301524,11,27.0
4.004635688346251,12,27.0
1.6225585138607082,13,27.0
