gain,STRANA,counted
8.110222327416288,1,20.0
8.450173980422857,2,20.0
7.789913265728049,3,20.0
3.362909584219436,4,20.0
1.3310358870612862,5,20.0
27.994741652460576,6,20.0
3.064365445380144,7,20.0
12.341813502863415,8,20.0
2.1252469054980283,9,20.0
16.233595544487148,10,20.0
3.0762942215275015,11,20.0
4.496651258413463,12,20.0
1.6230364245218083,13,20.0
