gain,STRANA,counted
12.769885548255427,1,88.0
0.8550539331905872,2,88.0
0.010102787191638506,3,88.0
1.86525158291191,4,88.0
11.807600502991605,5,88.0
5.874207171205336,6,88.0
5.960875740124234,7,88.0
34.28428846982038,8,88.0
5.2899333196634135,9,88.0
3.931217954147418,10,88.0
0.6125446735772931,11,88.0
1.4470422073007538,12,88.0
14.634453920376961,13,88.0
0.6575421892430352,14,88.0
