gain,STRANA,counted
7.961331049585002,1,61.0
8.097743581247869,2,61.0
8.713582083406521,3,61.0
3.3085061573090315,4,61.0
1.3559783586883742,5,61.0
29.21172088764818,6,61.0
3.562732717718238,7,61.0
11.398896587360408,8,61.0
1.8690247547319763,9,61.0
16.062341654543758,10,61.0
2.753945277140523,11,61.0
4.2104011162774375,12,61.0
1.4937957743426866,13,61.0
