gain,STRANA,counted
8.134966341342729,1,50.0
8.30202456793437,2,50.0
8.626786609764146,3,50.0
3.268663826212477,4,50.0
1.492190037762684,5,50.0
29.329242642762747,6,50.0
3.235224975934244,7,50.0
11.61583057314454,8,50.0
1.6744266017790839,9,50.0
15.903951920610126,10,50.0
2.7077275673274874,11,50.0
4.153058310988196,12,50.0
1.555906024437166,13,50.0
