gain,STRANA,counted
12.755776123453133,1,84.0
0.8490764935735317,2,84.0
0.010264969312193856,3,84.0
1.8514038676971913,4,84.0
11.753756983625822,5,84.0
5.899165381212755,6,84.0
5.900018708902573,7,84.0
34.354832267125,8,84.0
5.326956055820281,9,84.0
3.9250611588868742,10,84.0
0.6154733755306482,11,84.0
1.437562083976157,12,84.0
14.686101935010393,13,84.0
0.6345505958734532,14,84.0
