gain,STRANA,counted
12.593637425794874,1,25.0
0.8506390898368528,2,25.0
0.009523837393727403,3,25.0
1.9078601126454868,4,25.0
12.770706097100007,5,25.0
6.751678308672517,6,25.0
4.149795883245049,7,25.0
36.18857387520185,8,25.0
5.046409853014664,9,25.0
3.982053777604513,10,25.0
0.7277298305026997,11,25.0
1.4650764228502622,12,25.0
13.017395088956848,13,25.0
0.5389203971806493,14,25.0
