gain,STRANA,counted
8.040657358009229,1,92.0
8.416451552032111,2,92.0
8.63419747133198,3,92.0
3.3293889863516055,4,92.0
1.3752977208090413,5,92.0
28.717711381567774,6,92.0
3.5050585376392487,7,92.0
11.088063308442639,8,92.0
1.9521864733783332,9,92.0
16.218033395803992,10,92.0
2.8693202420258963,11,92.0
4.406343667435293,12,92.0
1.4472899051728556,13,92.0
