gain,STRANA,counted
8.076126865371295,1,86.0
8.340115331060648,2,86.0
8.603957351946054,3,86.0
3.420698648042271,4,86.0
1.3414859936223524,5,86.0
28.777660418229512,6,86.0
3.541534778665762,7,86.0
11.068810689097615,8,86.0
1.847693483022634,9,86.0
16.22113328235705,10,86.0
2.878047142315756,11,86.0
4.419432463081407,12,86.0
1.463303553187638,13,86.0
