gain,STRANA,counted
8.101508551334256,1,29.0
8.47243623946823,2,29.0
7.882463316587131,3,29.0
3.205193475562653,4,29.0
1.2086945792762065,5,29.0
28.57653706067847,6,29.0
2.9122394056577803,7,29.0
12.448017595771926,8,29.0
2.249395420640816,9,29.0
16.338146510917635,10,29.0
2.994442542018925,11,29.0
3.9845798621236708,12,29.0
1.626345439962304,13,29.0
