gain,STRANA,counted
19.87169537348692,1,31.0
11.32439362588101,2,31.0
10.112075983785648,3,31.0
7.450171143540896,4,31.0
30.31679285623237,5,31.0
7.3466321494568,6,31.0
9.814252876494805,7,31.0
1.853910788409458,8,31.0
1.910075202712083,9,31.0
