gain,STRANA,counted
20.058230933568577,1,75.0
10.431294136551864,2,75.0
11.05371795481634,3,75.0
7.310250165523873,4,75.0
29.502276926939864,5,75.0
7.65703622193267,6,75.0
10.163607183121957,7,75.0
2.0686382545209354,8,75.0
1.7549482230239197,9,75.0
