gain,STRANA,counted
20.107267775638903,1,96.0
10.423942082440874,2,96.0
11.164170574210404,3,96.0
7.236696688777309,4,96.0
29.004451168823202,5,96.0
7.851133886425692,6,96.0
10.448451888697164,7,96.0
2.004891587649299,8,96.0
1.7589943473371499,9,96.0
