gain,STRANA,counted
20.18630581264652,1,98.0
10.461899767683306,2,98.0
11.118001867057911,3,98.0
7.264801870072065,4,98.0
28.89946839349948,5,98.0
7.806417866275889,6,98.0
10.509738713677114,7,98.0
1.9981657823529009,8,98.0
1.75519992673481,9,98.0
