gain,STRANA,counted
20.00003405280437,1,93.0
10.43039355136307,2,93.0
11.230275385757583,3,93.0
7.296397131481432,4,93.0
29.054016878045463,5,93.0
7.730222858458115,6,93.0
10.487334001879924,7,93.0
2.025595087275413,8,93.0
1.7457310529346297,9,93.0
