gain,STRANA,counted
19.779585157015067,1,57.0
10.46474514845857,2,57.0
10.797434359129495,3,57.0
7.195817228952375,4,57.0
30.458383276727403,5,57.0
7.305407390003143,6,57.0
10.1758848959031,7,57.0
2.0726799137884484,8,57.0
1.7500626300223976,9,57.0
