gain,STRANA,counted
19.799235612966697,1,70.0
10.513799367713808,2,70.0
11.082893676858212,3,70.0
7.397737217507629,4,70.0
29.721860260883137,5,70.0
7.510668686209421,6,70.0
10.143772288138221,7,70.0
2.119231524095764,8,70.0
1.7108013656271066,9,70.0
