gain,STRANA,counted
19.764171711582545,1,68.0
10.629678068442743,2,68.0
11.090583785744682,3,68.0
7.409074957164089,4,68.0
29.66400308505402,5,68.0
7.500453501159318,6,68.0
10.08787198999051,7,68.0
2.114908631961298,8,68.0
1.7392542689007924,9,68.0
