gain,STRANA,counted
19.41308370453381,1,19.0
11.865510502221502,2,19.0
9.800630859619476,3,19.0
6.378909890249626,4,19.0
30.943507893086654,5,19.0
8.144207155707866,6,19.0
9.852824183310027,7,19.0
1.8584118496264839,8,19.0
1.7429139616445513,9,19.0
