gain,STRANA,counted
20.237312882502955,1,100.0
10.437480603464774,2,100.0
11.11467417143936,3,100.0
7.264011569414489,4,100.0
28.85626740376851,5,100.0
7.805352116633567,6,100.0
10.495526727616811,7,100.0
1.9930546911754567,8,100.0
1.7963198339840794,9,100.0
