gain,STRANA,counted
20.136928529589078,1,86.0
10.324033396829345,2,86.0
11.34151521000438,3,86.0
7.3276299419631,4,86.0
29.087258013724586,5,86.0
7.452920384220864,6,86.0
10.539778147076825,7,86.0
2.0420219721273996,8,86.0
1.747914404464424,9,86.0
