gain,STRANA,counted
19.987717382948535,1,94.0
10.494288092863286,2,94.0
11.169943623460918,3,94.0
7.266851032369112,4,94.0
29.035544705977383,5,94.0
7.85755245944158,6,94.0
10.406568214181979,7,94.0
2.0125292884004087,8,94.0
1.7690052003567942,9,94.0
