gain,STRANA,counted
20.03899473447425,1,89.0
10.310240646364573,2,89.0
11.19788092585325,3,89.0
7.321986127027069,4,89.0
29.081596726574034,5,89.0
7.672214038040286,6,89.0
10.601083402044914,7,89.0
2.0417861162030206,8,89.0
1.7342172834186094,9,89.0
