gain,STRANA,counted
19.68115151985326,1,26.0
11.693870235596943,2,26.0
10.245700783679656,3,26.0
6.908916440589377,4,26.0
30.6939798794724,5,26.0
7.614565556225853,6,26.0
9.37214430485218,7,26.0
1.891769273096895,8,26.0
1.8979020066334358,9,26.0
