gain,STRANA,counted
19.886191446259623,1,80.0
10.423968164652267,2,80.0
11.050534987179011,3,80.0
7.410472255246664,4,80.0
29.63865374020039,5,80.0
7.589753550382973,6,80.0
10.178830171435436,7,80.0
2.0778453295627566,8,80.0
1.7437503550808788,9,80.0
