gain,STRANA,counted
19.991844688752984,1,73.0
10.422051383265377,2,73.0
11.07940683323785,3,73.0
7.347620144979963,4,73.0
29.602128651478754,5,73.0
7.691162569203583,6,73.0
10.071145361074793,7,73.0
2.0783655017002167,8,73.0
1.7162748663064793,9,73.0
