gain,STRANA,counted
20.039035170422288,1,94.0
10.484890786633287,2,94.0
11.206794943395057,3,94.0
7.254225791571731,4,94.0
29.031196825569427,5,94.0
7.777113016440385,6,94.0
10.43394416369783,7,94.0
2.0130203189807445,8,94.0
1.7597789832892488,9,94.0
