gain,STRANA,counted
19.82244456955472,1,35.0
10.809990847640933,2,35.0
10.36956273252585,3,35.0
7.250171220833327,4,35.0
30.511826279493693,5,35.0
7.458240228184248,6,35.0
9.91783603602159,7,35.0
1.9391511730177835,8,35.0
1.920776912727859,9,35.0
