gain,STRANA,counted
20.039527033925285,1,84.0
10.386500680671467,2,84.0
11.29868620518108,3,84.0
7.34281435185915,4,84.0
29.09633938719803,5,84.0
7.468426375333248,6,84.0
10.560947557712229,7,84.0
2.0467680732578986,8,84.0
1.7599903348616153,9,84.0
