gain,STRANA,counted
19.739125630670866,1,67.0
10.707534258674972,2,67.0
11.036486438034416,3,67.0
7.4109864191333825,4,67.0
29.613678353740312,5,67.0
7.517814964069211,6,67.0
10.10710554473305,7,67.0
2.120768467119836,8,67.0
1.7464999238239485,9,67.0
