gain,STRANA,counted
19.787872749933637,1,66.0
10.733122151302561,2,66.0
11.04275887152944,3,66.0
7.383825699490208,4,66.0
29.632573153585533,5,66.0
7.522577519088344,6,66.0
10.1149267356619,7,66.0
2.0571169861334027,8,66.0
1.7252261332749743,9,66.0
