gain,STRANA,counted
20.03039397319732,1,84.0
10.411340615266965,2,84.0
11.294359136193783,3,84.0
7.373805638800896,4,84.0
29.06804931212324,5,84.0
7.465602235212162,6,84.0
10.554329121074515,7,84.0
2.0457789225226475,8,84.0
1.7563410456084727,9,84.0
