gain,STRANA,counted
20.21863912963505,1,99.0
10.433388107676489,2,99.0
11.097761514619677,3,99.0
7.2790331203684335,4,99.0
28.867403680366195,5,99.0
7.814686951011638,6,99.0
10.515441545851973,7,99.0
1.9826175642655794,8,99.0
1.7910283862049694,9,99.0
