gain,STRANA,counted
19.97200211941298,1,78.0
10.42231192088442,2,78.0
11.015619908898106,3,78.0
7.3927640029566115,4,78.0
29.576625649976396,5,78.0
7.609373166073194,6,78.0
10.196435553920825,7,78.0
2.068800578853853,8,78.0
1.7460670990236171,9,78.0
