gain,STRANA,counted
20.05320107573062,1,77.0
10.397527839157009,2,77.0
11.00588921391979,3,77.0
7.340214003470119,4,77.0
29.573105504053505,5,77.0
7.636444508574498,6,77.0
10.179882802441039,7,77.0
2.069455634720998,8,77.0
1.744279417932425,9,77.0
