gain,STRANA,counted
19.803784118563943,1,56.0
10.43142682816763,2,56.0
10.634267012661613,3,56.0
7.17457215063708,4,56.0
30.80982923406246,5,56.0
7.322754080072285,6,56.0
10.015114179298585,7,56.0
2.060484193503744,8,56.0
1.7477682030326576,9,56.0
