gain,STRANA,counted
20.097658907744357,1,74.0
10.462475217850686,2,74.0
11.038030226089443,3,74.0
7.35319197419485,4,74.0
29.502957527141728,5,74.0
7.6092108408082195,6,74.0
10.123765530309429,7,74.0
2.0759163987788507,8,74.0
1.73679337708244,9,74.0
