gain,STRANA,counted
19.809041072574153,1,71.0
10.534545018098962,2,71.0
11.124914949261825,3,71.0
7.325705520997198,4,71.0
29.66272161627595,5,71.0
7.536875945622216,6,71.0
10.146579885141087,7,71.0
2.1187724367580527,8,71.0
1.7408435552705548,9,71.0
