gain,STRANA,counted
19.822038106285905,1,43.0
10.5018874749242,2,43.0
10.609765941296045,3,43.0
7.184309995249781,4,43.0
30.458046450970418,5,43.0
7.309372147125645,6,43.0
10.167222833772653,7,43.0
2.1669279417740896,8,43.0
1.7804291086012618,9,43.0
