gain,STRANA,counted
19.760576727810207,1,62.0
10.562924924256837,2,62.0
10.903602900254333,3,62.0
7.387167210847427,4,62.0
29.94124871238587,5,62.0
7.5703905282207495,6,62.0
9.998419922760538,7,62.0
2.118937982486327,8,62.0
1.7567310909777079,9,62.0
