gain,STRANA,counted
1.9415255003020513,1,15.0
26.50160999223894,2,15.0
6.109365611553154,3,15.0
28.090866493995854,4,15.0
13.489449843940344,5,15.0
9.224377916481162,6,15.0
1.8794864134009672,7,15.0
1.2168990661579966,8,15.0
1.178628172749066,9,15.0
10.367790989180467,10,15.0
