gain,STRANA,counted
1.9511094789972026,1,10.0
25.4931464212287,2,10.0
5.744018005351359,3,10.0
28.584501774717523,4,10.0
13.812841781267501,5,10.0
9.974375367129904,6,10.0
1.8333083905356378,7,10.0
1.00604739382593,8,10.0
1.2018935280854681,9,10.0
10.39875785886077,10,10.0
