gain,STRANA,counted
1.6358769419181913,1,87.0
26.38196895792721,2,87.0
6.239103096662528,3,87.0
28.473523247793853,4,87.0
13.276125255193142,5,87.0
9.536117370150606,6,87.0
1.8659804810310283,7,87.0
1.2871550778183343,8,87.0
1.2476773837337884,9,87.0
10.056472187771329,10,87.0
