gain,STRANA,counted
2.0319676859994398,1,9.0
24.871006115802174,2,9.0
5.786236764236497,3,9.0
28.3130988065239,4,9.0
13.782941978097751,5,9.0
10.769999475576682,6,9.0
1.9432017377463917,7,9.0
0.5173022311632166,8,9.0
0.9635030548084237,9,9.0
11.020742150045528,10,9.0
