gain,STRANA,counted
1.533211928192194,1,79.0
26.476642345231788,2,79.0
6.300817994967297,3,79.0
28.359834612895686,4,79.0
13.467385944046468,5,79.0
9.490681203062113,6,79.0
1.8262213911185747,7,79.0
1.3090124188465464,8,79.0
1.2516373805558216,9,79.0
9.984554781083515,10,79.0
