gain,STRANA,counted
1.6970904289628177,1,96.0
26.234736946572568,2,96.0
6.355618259493845,3,96.0
28.33332930445308,4,96.0
13.152058407450816,5,96.0
9.882071055463806,6,96.0
1.8823004424140428,7,96.0
1.2660883050185903,8,96.0
1.2050831062625251,9,96.0
9.99162374390791,10,96.0
