gain,STRANA,counted
1.6995727252393338,1,47.0
26.92351796544762,2,47.0
6.005618018509928,3,47.0
27.647232436814857,4,47.0
13.47035354405191,5,47.0
9.059523658654633,6,47.0
1.8396868705371667,7,47.0
1.4607112157135453,8,47.0
1.1967488264320891,9,47.0
10.697034738598923,10,47.0
