gain,STRANA,counted
1.6568713697898432,1,88.0
26.404009306950837,2,88.0
6.256049872798683,3,88.0
28.502725731458167,4,88.0
13.162417400367248,5,88.0
9.603352195591787,6,88.0
1.866603328399263,7,88.0
1.2820819369287644,8,88.0
1.2402286554393083,9,88.0
10.025660202276104,10,88.0
