gain,STRANA,counted
1.5364062547429438,1,76.0
26.435241853746188,2,76.0
6.232274931393758,3,76.0
28.30726021172848,4,76.0
13.544662463429214,5,76.0
9.428831482234017,6,76.0
1.8582332488599151,7,76.0
1.3314373573956257,8,76.0
1.2556758551812408,9,76.0
10.069976341288617,10,76.0
