gain,STRANA,counted
1.6560970833334812,1,90.0
26.47336902685241,2,90.0
6.216591907791854,3,90.0
28.504171294175705,4,90.0
13.122259752190594,5,90.0
9.608561016133836,6,90.0
1.8734469194984202,7,90.0
1.2970881578078897,8,90.0
1.2247645294613894,9,90.0
10.023650312754416,10,90.0
