gain,STRANA,counted
1.706260592479468,1,100.0
26.21062548969556,2,100.0
6.317932405293545,3,100.0
28.262784643952887,4,100.0
13.315497863737166,5,100.0
9.792026703989963,6,100.0
1.904517548829076,7,100.0
1.2651272700900136,8,100.0
1.2299959567633718,9,100.0
9.995231525168949,10,100.0
