gain,STRANA,counted
1.6765850608990753,1,95.0
26.371028710708643,2,95.0
6.321364006203462,3,95.0
28.292147771608565,4,95.0
13.11748243277291,5,95.0
9.817163106442244,6,95.0
1.8903457601675815,7,95.0
1.2727670832869031,8,95.0
1.2038423264401934,9,95.0
10.037273741470425,10,95.0
