gain,STRANA,counted
1.6452153415899415,1,91.0
26.48899042146164,2,91.0
6.229616371804409,3,91.0
28.492792147953992,4,91.0
13.15834741580578,5,91.0
9.557727701785005,6,91.0
1.8813698040803375,7,91.0
1.2986288277253408,8,91.0
1.2282853817055477,9,91.0
10.019026586088009,10,91.0
