gain,STRANA,counted
1.6463414409170856,1,84.0
26.421544558202264,2,84.0
6.280886266535934,3,84.0
28.375271953598457,4,84.0
13.298725732934514,5,84.0
9.476719541140124,6,84.0
1.8765220627966515,7,84.0
1.2957813011024355,8,84.0
1.2460421904766241,9,84.0
10.082164952295914,10,84.0
