gain,STRANA,counted
1.7106006124931006,1,41.0
26.879444130975184,2,41.0
5.912626478898543,3,41.0
27.961066347165392,4,41.0
13.301583813852647,5,41.0
8.935305716799666,6,41.0
1.8171138717454016,7,41.0
1.5583874381701621,8,41.0
1.240996513494623,9,41.0
10.68287507640528,10,41.0
