gain,STRANA,counted
1.5417975060783402,1,78.0
26.41503543695642,2,78.0
6.288270638757547,3,78.0
28.38744544977798,4,78.0
13.507097523449692,5,78.0
9.441350282401627,6,78.0
1.8436185657857806,7,78.0
1.312034677245712,8,78.0
1.2517462806008681,9,78.0
10.011603638946035,10,78.0
