gain,STRANA,counted
1.6320905883930321,1,64.0
26.556133008475076,2,64.0
6.229958254540955,3,64.0
28.055943671841987,4,64.0
13.477998100818766,5,64.0
9.326146802573422,6,64.0
1.813804424737936,7,64.0
1.4100466584479114,8,64.0
1.2379286836918204,9,64.0
10.259949806479101,10,64.0
