gain,STRANA,counted
1.5351371714898658,1,81.0
26.360691615975508,2,81.0
6.282616909437046,3,81.0
28.53334046834879,4,81.0
13.397987204570882,5,81.0
9.50629506261092,6,81.0
1.8425718166949132,7,81.0
1.317573956332949,8,81.0
1.2441963566079701,9,81.0
9.97958943793117,10,81.0
