gain,STRANA,counted
1.9964273163650996,1,11.0
25.838805385043667,2,11.0
5.753735772920285,3,11.0
28.397241074216815,4,11.0
13.521071484904995,5,11.0
10.047151485802924,6,11.0
1.7925342193942966,7,11.0
0.9749966434050963,8,11.0
1.2528389691384842,9,11.0
10.425197648808334,10,11.0
