gain,STRANA,counted
1.56235642007234,1,72.0
26.615996956745043,2,72.0
6.200178051306455,3,72.0
28.178239612921395,4,72.0
13.498532215976814,5,72.0
9.297936121306732,6,72.0
1.8615764453391717,7,72.0
1.3551767007205422,8,72.0
1.2349755240928848,9,72.0
10.195031951518633,10,72.0
