gain,STRANA,counted
1.602654577941496,1,68.0
26.65611331950415,2,68.0
6.2324777875271575,3,68.0
28.136979073100743,4,68.0
13.382763111016041,5,68.0
9.294775084012937,6,68.0
1.8035301534265473,7,68.0
1.3726967053776127,8,68.0
1.2241426611399986,9,68.0
10.293867526953326,10,68.0
