gain,STRANA,counted
1.9420192211194862,1,15.0
26.491761248120447,2,15.0
6.075096493892901,3,15.0
28.139845754837108,4,15.0
13.437646593051653,5,15.0
9.206065342195794,6,15.0
1.8633072730056666,7,15.0
1.246548166334839,8,15.0
1.1993338550857497,9,15.0
10.398376052356355,10,15.0
