gain,STRANA,counted
1.6478782595020707,1,85.0
26.392227072375675,2,85.0
6.267701236352521,3,85.0
28.412115736294872,4,85.0
13.303658528149578,5,85.0
9.486950130306708,6,85.0
1.8733404958610416,7,85.0
1.2896801558635294,8,85.0
1.2441619840735063,9,85.0
10.082286401220504,10,85.0
