gain,STRANA,counted
1.6942712440964947,1,32.0
27.076538831477887,2,32.0
6.053292013665181,3,32.0
27.765168432050714,4,32.0
13.0270465115239,5,32.0
9.087597803670075,6,32.0
1.7577580972378892,7,32.0
1.4505304874125797,8,32.0
1.1986977734432196,9,32.0
10.889098805422059,10,32.0
