gain,STRANA,counted
1.6409065071048345,1,83.0
26.394341158418992,2,83.0
6.294000311861748,3,83.0
28.393133127358418,4,83.0
13.371439972127472,5,83.0
9.452665011293323,6,83.0
1.8624105492017287,7,83.0
1.281287480969642,8,83.0
1.252638403121829,9,83.0
10.05717747854202,10,83.0
