gain,STRANA,counted
1.693782185238364,1,98.0
26.157690292494873,2,98.0
6.343038169819416,3,98.0
28.39790610816483,4,98.0
13.242917033480934,5,98.0
9.893432503514086,6,98.0
1.8827089111603978,7,98.0
1.2635281661329876,8,98.0
1.2136341267262392,9,98.0
9.911362503267874,10,98.0
