gain,STRANA,counted
2.0616183951894653,1,8.0
24.986275515251087,2,8.0
5.628147735023611,3,8.0
28.410548650138388,4,8.0
13.921896057504762,5,8.0
10.644949300453826,6,8.0
1.9158647673940623,7,8.0
0.4608890989541274,8,8.0
0.9672114449917573,9,8.0
11.002599035098918,10,8.0
