gain,STRANA,counted
1.7546370787526138,1,51.0
26.740402482132257,2,51.0
5.940562207359912,3,51.0
27.890865056612647,4,51.0
13.454383982624494,5,51.0
9.21171387990492,6,51.0
1.8095500522946895,7,51.0
1.451302851808934,8,51.0
1.2064427528154034,9,51.0
10.540139655694125,10,51.0
