gain,STRANA,counted
3.152129838298973,1,88.0
1.8141020552493121,2,88.0
0.32352549564942645,3,88.0
2.6002420550594327,4,88.0
6.692945669190313,5,88.0
4.34829176120296,6,88.0
3.4193534369744545,7,88.0
13.584259373255748,8,88.0
5.643745994300938,9,88.0
3.013208720546468,10,88.0
24.617236037438442,11,88.0
10.371795739419495,12,88.0
6.864415497348193,13,88.0
8.804169595954756,14,88.0
4.75057873011109,15,88.0
