gain,STRANA,counted
3.12476562085297,1,98.0
1.8232428139075465,2,98.0
0.3170968926431877,3,98.0
2.5277306108309676,4,98.0
6.470696925742164,5,98.0
4.248891971279637,6,98.0
3.3144881042767693,7,98.0
13.649107713646687,8,98.0
5.590858858695916,9,98.0
3.0766461104468887,10,98.0
24.576586745207806,11,98.0
10.28424168349281,12,98.0
7.212010948489353,13,98.0
9.052775122705103,14,98.0
4.730859877782192,15,98.0
