gain,STRANA,counted
3.2371736667981468,1,49.0
1.8211774254258475,2,49.0
0.3436101853952843,3,49.0
2.58106157734217,4,49.0
7.099687917413519,5,49.0
4.178565548084154,6,49.0
3.410042258967106,7,49.0
13.69570230886476,8,49.0
5.491132027022692,9,49.0
2.726716476579683,10,49.0
24.46902457772308,11,49.0
10.557464882853305,12,49.0
7.1759244888745854,13,49.0
9.043956869783262,14,49.0
4.168759788872408,15,49.0
