gain,STRANA,counted
2.6775398035464786,1,12.0
1.8211266628696852,2,12.0
0.6261216953236044,3,12.0
4.137642791361238,4,12.0
6.828717276748107,5,12.0
4.000392410014365,6,12.0
2.95566061116686,7,12.0
12.943898940941057,8,12.0
4.848164151022234,9,12.0
3.0957585443235103,10,12.0
25.517270042835143,11,12.0
10.088984628866683,12,12.0
7.607936290767679,13,12.0
8.556392592005313,14,12.0
4.294393558208045,15,12.0
