gain,STRANA,counted
3.3753538683224096,1,34.0
1.8247219780543338,2,34.0
0.5062096462458908,3,34.0
2.6804135019018904,4,34.0
7.3444273850780935,5,34.0
4.449137570911857,6,34.0
3.343895860313987,7,34.0
12.811573876039075,8,34.0
5.505182992067328,9,34.0
2.9800265198714695,10,34.0
24.95337185650494,11,34.0
10.01262764811033,12,34.0
6.922339810944571,13,34.0
8.878692020707323,14,34.0
4.412025464926504,15,34.0
