gain,STRANA,counted
3.5977726274572457,1,30.0
1.7089273089084989,2,30.0
0.42128281946504514,3,30.0
2.7806299159233245,4,30.0
7.200873517110678,5,30.0
4.054168121029313,6,30.0
3.2119010759619044,7,30.0
13.504477363091347,8,30.0
5.332752490767316,9,30.0
2.8140823597718225,10,30.0
24.400942141841192,11,30.0
10.502136066284748,12,30.0
7.029472233371127,13,30.0
8.785855168706634,14,30.0
4.654726790309806,15,30.0
