gain,STRANA,counted
3.3929367702859468,1,44.0
1.8596107814813487,2,44.0
0.41309766748670845,3,44.0
2.6882548879011257,4,44.0
7.335127114549795,5,44.0
4.24694661655633,6,44.0
3.3887646452841427,7,44.0
13.33704090828518,8,44.0
5.578027360723972,9,44.0
2.8325773003574617,10,44.0
24.768413397738218,11,44.0
10.174184292927123,12,44.0
6.905740735300535,13,44.0
8.798316178577792,14,44.0
4.280961342544325,15,44.0
