gain,STRANA,counted
3.360933432560319,1,39.0
1.8430113826506924,2,39.0
0.446892050992494,3,39.0
2.741864374325022,4,39.0
7.233338587037896,5,39.0
4.226200184124485,6,39.0
3.422808368220086,7,39.0
13.174405910138425,8,39.0
5.547464879175691,9,39.0
2.813783220986192,10,39.0
24.405049727638744,11,39.0
10.41032224991435,12,39.0
7.186498629229764,13,39.0
8.832453697562787,14,39.0
4.354973305443057,15,39.0
