gain,STRANA,counted
3.1496055388020348,1,97.0
1.8414214864171872,2,97.0
0.31590047788774844,3,97.0
2.532122134719855,4,97.0
6.42896614929712,5,97.0
4.262885355137929,6,97.0
3.3449603807984083,7,97.0
13.74822468057376,8,97.0
5.640549213004658,9,97.0
3.0834548951087695,10,97.0
24.54813802725992,11,97.0
10.341263299630356,12,97.0
7.060829322744645,13,97.0
8.960568996164984,14,97.0
4.741110042452627,15,97.0
