gain,STRANA,counted
2.8103263371829947,1,17.0
1.7145234311128608,2,17.0
0.5279385982048496,3,17.0
3.249105539281169,4,17.0
7.068614427594644,5,17.0
4.303004596542238,6,17.0
3.2868312176966294,7,17.0
13.431114404143182,8,17.0
4.855081652860182,9,17.0
3.0800765603902756,10,17.0
24.630027270922596,11,17.0
10.050141957959235,12,17.0
7.3922476238304435,13,17.0
9.270280629914856,14,17.0
4.330685752363843,15,17.0
