gain,STRANA,counted
3.122993379806894,1,60.0
1.8290653465698956,2,60.0
0.40532349951563734,3,60.0
2.500246514290879,4,60.0
6.870313728919415,5,60.0
4.1845154574943235,6,60.0
3.4016463780701223,7,60.0
13.661387689156351,8,60.0
5.59822334034203,9,60.0
2.8894413069859675,10,60.0
24.53152585483953,11,60.0
10.538694268415417,12,60.0
7.115497319374148,13,60.0
8.88923851690941,14,60.0
4.4618873993099815,15,60.0
