gain,STRANA,counted
3.1345825141354386,1,75.0
1.829380933670549,2,75.0
0.3391899615469696,3,75.0
2.4615239183441258,4,75.0
6.728885455197357,5,75.0
4.21846660330704,6,75.0
3.386215580321662,7,75.0
13.749127506582434,8,75.0
5.567437982547888,9,75.0
3.0101684424851585,10,75.0
24.449060344533873,11,75.0
10.392449133082007,12,75.0
7.059518240610442,13,75.0
9.041783152690872,14,75.0
4.632210230944183,15,75.0
