gain,STRANA,counted
3.1376633403074035,1,100.0
1.820270257392411,2,100.0
0.31245871223917565,3,100.0
2.5249456578624754,4,100.0
6.500413776741089,5,100.0
4.2664311486841955,6,100.0
3.3440202535786154,7,100.0
13.60722428405127,8,100.0
5.587004153296922,9,100.0
3.108990271950577,10,100.0
24.62563633555916,11,100.0
10.233152248243243,12,100.0
7.176373214019743,13,100.0
9.044593664009124,14,100.0
4.710822682064593,15,100.0
