gain,STRANA,counted
3.182264408287262,1,81.0
1.825328657481683,2,81.0
0.3169597133442604,3,81.0
2.4230919681629546,4,81.0
6.6831405763825735,5,81.0
4.2769981789934315,6,81.0
3.370892947752403,7,81.0
13.832475703893577,8,81.0
5.608219546573105,9,81.0
3.0435238788423344,10,81.0
24.451485503867215,11,81.0
10.389398060135974,12,81.0
6.975324587449913,13,81.0
8.927070073387034,14,81.0
4.69382619544628,15,81.0
