gain,STRANA,counted
3.151311419011042,1,94.0
1.8176873768894906,2,94.0
0.31376828576284554,3,94.0
2.518130643959692,4,94.0
6.492731646450088,5,94.0
4.309660408164426,6,94.0
3.377139137382032,7,94.0
13.849946508410554,8,94.0
5.619560693132103,9,94.0
3.060419973780676,10,94.0
24.609095205870364,11,94.0
10.414628067356494,12,94.0
6.935984025668598,13,94.0
8.766371633040256,14,94.0
4.763564975121336,15,94.0
