gain,STRANA,counted
2.7399356776409487,1,26.0
1.6877150510899885,2,26.0
0.5580234276303015,3,26.0
2.8976882064508924,4,26.0
7.138261956656071,5,26.0
4.0905980415629335,6,26.0
3.4154732839150976,7,26.0
13.598490607847033,8,26.0
5.106312573618875,9,26.0
2.964922421579915,10,26.0
24.667219501372507,11,26.0
10.158307153247598,12,26.0
7.493676583394369,13,26.0
9.053292043907813,14,26.0
4.430083470085661,15,26.0
