gain,STRANA,counted
2.783724140419305,1,23.0
1.7408760037370234,2,23.0
0.5634574346988889,3,23.0
2.889846340951362,4,23.0
7.093196357381276,5,23.0
4.178119842815417,6,23.0
3.3752229534886538,7,23.0
13.44594398369069,8,23.0
5.00307915532086,9,23.0
3.0205547756005973,10,23.0
24.855339161709704,11,23.0
10.048645083114796,12,23.0
7.442959731000581,13,23.0
9.157077650095758,14,23.0
4.4019573859750905,15,23.0
