gain,STRANA,counted
3.0929129956202206,1,69.0
1.8039624009075113,2,69.0
0.36607841457173396,3,69.0
2.3952374372461267,4,69.0
6.901818549191242,5,69.0
4.141758650536414,6,69.0
3.389782782204535,7,69.0
13.634055143125229,8,69.0
5.66572090319062,9,69.0
2.9429869774490913,10,69.0
24.482909303806803,11,69.0
10.384988163569222,12,69.0
7.2583115392836,13,69.0
9.02812903798101,14,69.0
4.511347701316636,15,69.0
