gain,STRANA,counted
6.115710218369856,1,98.0
0.9090334632344564,2,98.0
7.0262968908275045,3,98.0
5.953597493832134,4,98.0
17.092380887971533,5,98.0
1.65308400324257,6,98.0
9.841681791651622,7,98.0
20.51851225839718,8,98.0
1.9106260954731737,9,98.0
0.019392085091219168,10,98.0
24.98334188952326,11,98.0
1.4367513316342362,12,98.0
0.011171760644082616,13,98.0
2.528419830107171,14,98.0
