gain,STRANA,counted
4.67963766750188,1,3.0
1.0277198344520644,2,3.0
7.5119723679473065,3,3.0
6.568424023925604,4,3.0
14.49346866360252,5,3.0
2.6333803894856533,6,3.0
10.518942339472257,7,3.0
21.07461850673236,8,3.0
2.0574741676688197,9,3.0
0.012410328258062112,10,3.0
24.331394440552124,11,3.0
1.810129071704798,12,3.0
0.002711510959593941,13,3.0
3.2777166877369535,14,3.0
