gain,STRANA,counted
5.991686683338542,1,34.0
0.9913555167770871,2,34.0
7.5239805780385565,3,34.0
6.249927502194117,4,34.0
16.218328282898508,5,34.0
1.6642219107860106,6,34.0
10.268743238836416,7,34.0
20.24320717524294,8,34.0
1.9889459372491751,9,34.0
0.018180891744948195,10,34.0
24.626308584837275,11,34.0
1.4895966009521735,12,34.0
0.010221301202632246,13,34.0
2.715295795901614,14,34.0
