gain,STRANA,counted
5.608968621444874,1,2.0
1.5928256503334304,2,2.0
6.007787849054485,3,2.0
7.7983900613700765,4,2.0
14.35153618285786,5,2.0
1.4767264678973677,6,2.0
13.383613792375193,7,2.0
22.683186619600708,8,2.0
0.9563122941945253,9,2.0
0.025734761161016778,10,2.0
21.473749344387578,11,2.0
1.5234322651212633,12,2.0
0.0,13,2.0
3.117736090201618,14,2.0
