gain,STRANA,counted
5.056701675366979,1,7.0
1.0209795042322913,2,7.0
7.141499367984011,3,7.0
6.082814123704401,4,7.0
15.585472628694266,5,7.0
2.3318875796129985,6,7.0
10.154369677817341,7,7.0
21.17708688822923,8,7.0
2.0325568579726703,9,7.0
0.012197446849228976,10,7.0
25.062887642490388,11,7.0
1.5054952259760654,12,7.0
0.004677392486515283,13,7.0
2.831373988583616,14,7.0
