gain,STRANA,counted
6.016979688971371,1,89.0
0.9088932387540003,2,89.0
7.129996378502433,3,89.0
6.0088116849726605,4,89.0
17.02131589259757,5,89.0
1.659775115892119,6,89.0
9.862989570244187,7,89.0
20.59564188902431,8,89.0
1.9033734454077453,9,89.0
0.01919219773751171,10,89.0
24.86070750435757,11,89.0
1.4492417205311385,12,89.0
0.011333995336767322,13,89.0
2.551747677670615,14,89.0
