gain,STRANA,counted
6.060902968728207,1,86.0
0.9162218125501158,2,86.0
7.13937746985208,3,86.0
6.032254430566787,4,86.0
16.934968684354764,5,86.0
1.6696818088814938,6,86.0
9.86264596368319,7,86.0
20.675600462480737,8,86.0
1.9177837416056904,9,86.0
0.018995984679393035,10,86.0
24.768222394634154,11,86.0
1.430368087170714,12,86.0
0.011377927654657422,13,86.0
2.561598263158018,14,86.0
