gain,STRANA,counted
5.979064179712937,1,84.0
0.9251939976798995,2,84.0
7.139224585130948,3,84.0
6.0627719592305525,4,84.0
16.9242758243739,5,84.0
1.6679534979401174,6,84.0
9.887938150781652,7,84.0
20.71483490367749,8,84.0
1.911848745638443,9,84.0
0.019136164884372437,10,84.0
24.794051690902297,11,84.0
1.4088001809237594,12,84.0
0.01157959311613246,13,84.0
2.553326526007499,14,84.0
