gain,STRANA,counted
6.06345224645832,1,69.0
0.9501132042989788,2,69.0
7.227039649934343,3,69.0
6.078893291472022,4,69.0
16.760583893389892,5,69.0
1.7243174160181327,6,69.0
9.993344613556783,7,69.0
20.534039687758376,8,69.0
1.9583352813003159,9,69.0
0.01890286890316915,10,69.0
24.66218242452511,11,69.0
1.4343703839683426,12,69.0
0.011073753284452372,13,69.0
2.583351285131763,14,69.0
