gain,STRANA,counted
6.006128331511997,1,71.0
0.9350299034183042,2,71.0
7.221369788697096,3,71.0
6.094294610673866,4,71.0
16.77459264047965,5,71.0
1.7368338976224351,6,71.0
9.905191016466494,7,71.0
20.58367080776881,8,71.0
1.9548260099862163,9,71.0
0.01919310193273007,10,71.0
24.756877605580975,11,71.0
1.4357896668860133,12,71.0
0.011212265848624114,13,71.0
2.5649903531267935,14,71.0
