gain,STRANA,counted
6.176666630170054,1,42.0
0.9865101022185663,2,42.0
7.344247404490647,3,42.0
6.274995043239487,4,42.0
16.667991723315314,5,42.0
1.6235592514383341,6,42.0
10.19768741361254,7,42.0
20.110464263923408,8,42.0
1.9250153013388842,9,42.0
0.018643884433755534,10,42.0
24.57899785784339,11,42.0
1.4346836004143861,12,42.0
0.010678494857757374,13,42.0
2.6498590287034696,14,42.0
