gain,STRANA,counted
4.989073366547742,1,6.0
1.0689621185308855,2,6.0
7.551715675770016,3,6.0
6.919590558091504,4,6.0
15.30300585082264,5,6.0
2.0922051321088064,6,6.0
10.213400203369126,7,6.0
21.271291420655796,8,6.0
1.9069912082759284,9,6.0
0.010618545331525947,10,6.0
23.914606563429405,11,6.0
1.5634099333982403,12,6.0
0.004571746830783197,13,6.0
3.190557676837602,14,6.0
