gain,STRANA,counted
6.112719406539986,1,64.0
0.9327382810319887,2,64.0
7.260002164355897,3,64.0
6.1124500969286375,4,64.0
16.77731907259505,5,64.0
1.702435873238718,6,64.0
10.006649413470091,7,64.0
20.499829209349933,8,64.0
1.9559235329889453,9,64.0
0.018704721971560676,10,64.0
24.586363152723795,11,64.0
1.4450292459202034,12,64.0
0.010896241862783422,13,64.0
2.578939587022411,14,64.0
