gain,STRANA,counted
6.052157849356072,1,91.0
0.9156352164437843,2,91.0
7.08578182306938,3,91.0
5.94115540485284,4,91.0
17.072438867628236,5,91.0
1.6580035501916477,6,91.0
9.911861028943411,7,91.0
20.569779692651796,8,91.0
1.9022084064798157,9,91.0
0.019615395312982786,10,91.0
24.87324432055884,11,91.0
1.4468920077045022,12,91.0
0.01139502235622678,13,91.0
2.5398314144504672,14,91.0
