gain,STRANA,counted
6.037370663377415,1,90.0
0.9157310154605056,2,90.0
7.114589003946787,3,90.0
5.984683767905047,4,90.0
17.040058885786564,5,90.0
1.6563399553569027,6,90.0
9.861342109505806,7,90.0
20.58845194920209,8,90.0
1.88737426373774,9,90.0
0.019279492552009756,10,90.0
24.87910583280419,11,90.0
1.45532850545058,12,90.0
0.011254096846770926,13,90.0
2.549090458067598,14,90.0
