gain,STRANA,counted
5.20925230016747,1,3.0
1.065946828531883,2,3.0
6.9852961262161175,3,3.0
6.805880023161287,4,3.0
14.913728144912797,5,3.0
2.833394025173326,6,3.0
10.683492294520933,7,3.0
20.856411876145074,8,3.0
1.3362553890577538,9,3.0
0.014058075086495462,10,3.0
24.171509344202963,11,3.0
2.0751880995389613,12,3.0
0.0012833724839586198,13,3.0
3.0483041008009764,14,3.0
