gain,STRANA,counted
5.995574981194306,1,81.0
0.9331728875595463,2,81.0
7.159310140533341,3,81.0
6.105825580476642,4,81.0
16.897216315850315,5,81.0
1.6914167921897065,6,81.0
9.84237127732211,7,81.0
20.650997685384,8,81.0
1.927292570985057,9,81.0
0.01929244556128298,10,81.0
24.779071570510027,11,81.0
1.4132619592104836,12,81.0
0.011655424751801481,13,81.0
2.5735403684713796,14,81.0
