gain,STRANA,counted
5.426412623851294,1,13.0
0.9871142192133713,2,13.0
7.485437457725112,3,13.0
6.543933804413276,4,13.0
15.624180441495506,5,13.0
1.9615813930647912,6,13.0
10.500017940367936,7,13.0
20.576234975177435,8,13.0
2.016880056162504,9,13.0
0.013185091176209729,10,13.0
24.372612713816523,11,13.0
1.555565857707599,12,13.0
0.009050674432771568,13,13.0
2.9277927513956747,14,13.0
