gain,STRANA,counted
6.090538318770718,1,95.0
0.9120265284109478,2,95.0
7.04364987158227,3,95.0
5.953115866791178,4,95.0
17.148115178114118,5,95.0
1.6523906659247478,6,95.0
9.867867759316793,7,95.0
20.49670532628471,8,95.0
1.9082362613365749,9,95.0
0.019400587504084146,10,95.0
24.94180754353461,11,95.0
1.4329609870349005,12,95.0
0.011185587931180917,13,95.0
2.5219995174631693,14,95.0
