gain,STRANA,counted
6.029703191202887,1,88.0
0.9189922100657798,2,88.0
7.131666646909128,3,88.0
6.043592825550393,4,88.0
16.949363181661354,5,88.0
1.666067826444191,6,88.0
9.858517915913593,7,88.0
20.63997564945767,8,88.0
1.902057904722029,9,88.0
0.019207842825426088,10,88.0
24.825343082337085,11,88.0
1.4472617944825485,12,88.0
0.011386573143632579,13,88.0
2.5568633552842837,14,88.0
