gain,STRANA,counted
6.134992269567322,1,23.0
1.0199761014631006,2,23.0
7.365099296913637,3,23.0
6.0188183945877975,4,23.0
16.13006157758873,5,23.0
1.7185845942473958,6,23.0
10.4952746974973,7,23.0
20.21534628454512,8,23.0
2.020402924715141,9,23.0
0.015397150745798062,10,23.0
24.63506666651445,11,23.0
1.5329284595599366,12,23.0
0.007343079031669129,13,23.0
2.690708503022604,14,23.0
