gain,STRANA,counted
5.24623363998164,1,4.0
1.0682760459951663,2,4.0
7.113317768643361,3,4.0
6.299037270599193,4,4.0
14.61137500443115,5,4.0
2.5616837862572885,6,4.0
10.514877777360823,7,4.0
21.2762097659778,8,4.0
1.890403956582181,9,4.0
0.010449727469940162,10,4.0
24.623352031084465,11,4.0
1.6743763221558252,12,4.0
0.005748298014609821,13,4.0
3.10465860544656,14,4.0
