gain,STRANA,counted
5.985033729943495,1,85.0
0.920303094461246,2,85.0
7.144607584380072,3,85.0
6.0600533159602685,4,85.0
16.96879679681548,5,85.0
1.6696472077080748,6,85.0
9.86622646828252,7,85.0
20.64931040329837,8,85.0
1.9136994571276327,9,85.0
0.0190869986671425,10,85.0
24.815119627827578,11,85.0
1.4160060093652613,12,85.0
0.01145371130925037,13,85.0
2.560655594853609,14,85.0
