gain,STRANA,counted
4.939370731187789,1,9.0
0.994197333850641,2,9.0
7.3600322615432585,3,9.0
6.308936239932733,4,9.0
14.996790578676464,5,9.0
2.167485699677047,6,9.0
10.547713733442505,7,9.0
21.342050603403262,8,9.0
2.12061519402766,9,9.0
0.011480074518920368,10,9.0
24.603348717294253,11,9.0
1.6204072747734048,12,9.0
0.006526998083937043,13,9.0
2.981044559588125,14,9.0
