gain,STRANA,counted
6.1449607445055445,1,99.0
0.9059481291196688,2,99.0
7.0279319871198895,3,99.0
5.94232017135915,4,99.0
17.133883531779563,5,99.0
1.6526701585277168,6,99.0
9.825337683317711,7,99.0
20.522730437154355,8,99.0
1.9157324054533509,9,99.0
0.019467276919423147,10,99.0
24.935134193722906,11,99.0
1.4368346790285813,12,99.0
0.011046069200081624,13,99.0
2.526002532792056,14,99.0
