gain,STRANA,counted
6.061173234278921,1,93.0
0.911721830360596,2,93.0
7.0597867112487815,3,93.0
5.9617066789911615,4,93.0
17.092893330990965,5,93.0
1.6612797331532214,6,93.0
9.905354982956954,7,93.0
20.53284814452665,8,93.0
1.907609649216679,9,93.0
0.019470259225631392,10,93.0
24.902832649282903,11,93.0
1.4441662239419994,12,93.0
0.011351871286184022,13,93.0
2.527804700539359,14,93.0
