gain,STRANA,counted
5.998346781173761,1,18.0
0.9348965029088672,2,18.0
7.357567169805552,3,18.0
5.933928219892937,4,18.0
16.085269342958934,5,18.0
1.9494528346875732,6,18.0
10.423982927377077,7,18.0
20.63330399834774,8,18.0
2.027502536632116,9,18.0
0.013834841352821654,10,18.0
24.23550486930096,11,18.0
1.5367997820651982,12,18.0
0.008920583001855694,13,18.0
2.8606896104946054,14,18.0
