gain,STRANA,counted
6.033448878984333,1,70.0
0.9450115774842979,2,70.0
7.1960660062337185,3,70.0
6.08043687386363,4,70.0
16.821202496435735,5,70.0
1.7318947690322974,6,70.0
9.974833991110922,7,70.0
20.523683845732727,8,70.0
1.9661109740016212,9,70.0
0.019272489985109924,10,70.0
24.678483745544007,11,70.0
1.4432614829381514,12,70.0
0.01109117236702145,13,70.0
2.5752016962864355,14,70.0
