gain,STRANA,counted
6.112883778113603,1,96.0
0.912544728276821,2,96.0
7.037737548951592,3,96.0
5.955058529547382,4,96.0
17.113550733358597,5,96.0
1.6485567766580302,6,96.0
9.857693978127614,7,96.0
20.508677252210177,8,96.0
1.9116847965388433,9,96.0
0.019386028840978703,10,96.0
24.95660512671593,11,96.0
1.4349011585563054,12,96.0
0.011170751459480596,13,96.0
2.5195488126446417,14,96.0
