gain,STRANA,counted
6.1341556225967935,1,99.0
0.9046223977257832,2,99.0
7.018688087708483,3,99.0
5.943118292336853,4,99.0
17.11996747826117,5,99.0
1.650733823402458,6,99.0
9.80851031169635,7,99.0
20.539971261124006,8,99.0
1.9132424599697968,9,99.0
0.019397652609307276,10,99.0
24.963664365112525,11,99.0
1.442751807780417,12,99.0
0.011051082088968989,13,99.0
2.530125357587094,14,99.0
