gain,STRANA,counted
6.033374693762394,1,78.0
0.9235643028169417,2,78.0
7.178214219414124,3,78.0
6.112082813606834,4,78.0
16.89246561967651,5,78.0
1.6999769273282803,6,78.0
9.86371885430503,7,78.0
20.667652875536586,8,78.0
1.9419892016995406,9,78.0
0.019179718424490646,10,78.0
24.65389151840893,11,78.0
1.419269024695151,12,78.0
0.011387821207750202,13,78.0
2.583232409117434,14,78.0
