gain,STRANA,counted
5.9785470320403435,1,83.0
0.9240276267187609,2,83.0
7.143040940051468,3,83.0
6.0562120406226665,4,83.0
16.937641028797767,5,83.0
1.6830281402696177,6,83.0
9.863137079923066,7,83.0
20.725390100937428,8,83.0
1.9109251234980866,9,83.0
0.01927602850902229,10,83.0
24.781653492665967,11,83.0
1.4076913687960604,12,83.0
0.011492700859863893,13,83.0
2.5579372963098828,14,83.0
