gain,STRANA,counted
6.233508310644571,1,57.0
0.9566439864418306,2,57.0
7.1883945693857685,3,57.0
6.073575777959888,4,57.0
16.82849094836905,5,57.0
1.673861098234563,6,57.0
10.024130428193912,7,57.0
20.459931706881516,8,57.0
1.9826767391355489,9,57.0
0.01844982880885344,10,57.0
24.498973111950047,11,57.0
1.4298421891283482,12,57.0
0.010681720908654548,13,57.0
2.620839583957451,14,57.0
