gain,STRANA,counted
6.0269996941012085,1,72.0
0.9303997997953286,2,72.0
7.214798174645279,3,72.0
6.095745927069491,4,72.0
16.841161565201972,5,72.0
1.7234980284157098,6,72.0
9.894648593159136,7,72.0
20.6074895931127,8,72.0
1.962831790107857,9,72.0
0.01928957123091945,10,72.0
24.682706418595917,11,72.0
1.4383094161198287,12,72.0
0.011086337546260651,13,72.0
2.5510350908983965,14,72.0
