gain,STRANA,counted
6.177176263359583,1,60.0
0.9520870095605328,2,60.0
7.229915665378078,3,60.0
6.097830181237606,4,60.0
16.824564319642867,5,60.0
1.674642268652649,6,60.0
10.05073131287504,7,60.0
20.464051594474284,8,60.0
1.966651635699151,9,60.0
0.018484205159418107,10,60.0
24.482376944568095,11,60.0
1.451357075434828,12,60.0
0.011515768582053013,13,60.0
2.5986157553758114,14,60.0
