gain,STRANA,counted
6.063831779343663,1,91.0
0.9154236837416899,2,91.0
7.088022749033176,3,91.0
5.957285439872446,4,91.0
17.04958524079297,5,91.0
1.6529149183944307,6,91.0
9.884543218000646,7,91.0
20.581573541537356,8,91.0
1.8947458411671985,9,91.0
0.019444934802476388,10,91.0
24.886410269653346,11,91.0
1.4496884705350366,12,91.0
0.011385530675427857,13,91.0
2.545144382450135,14,91.0
