gain,STRANA,counted
6.074456651900758,1,94.0
0.9113616357073797,2,94.0
7.046953515400051,3,94.0
5.945145959156788,4,94.0
17.14875355165391,5,94.0
1.6560247220609732,6,94.0
9.873151733815625,7,94.0
20.517802203733787,8,94.0
1.9083218754763567,9,94.0
0.019454953217553538,10,94.0
24.92223869867352,11,94.0
1.4371166432202547,12,94.0
0.011238511330003639,13,94.0
2.5279793446530356,14,94.0
