gain,STRANA,counted
6.0259315619488785,1,30.0
0.9526510728521721,2,30.0
7.584533999565339,3,30.0
6.161448223067755,4,30.0
16.228591894025428,5,30.0
1.7004450065099819,6,30.0
10.415189238673962,7,30.0
20.096031530837514,8,30.0
1.9825728442357833,9,30.0
0.01679133946484181,10,30.0
24.531742152592003,11,30.0
1.527056426172595,12,30.0
0.009512877215306543,13,30.0
2.7675018328384335,14,30.0
