gain,STRANA,counted
5.972182633330612,1,75.0
0.9369896381073257,2,75.0
7.1746420168640705,3,75.0
6.092522494007993,4,75.0
16.852178898957646,5,75.0
1.708622609401936,6,75.0
9.914939020249816,7,75.0
20.65294556066006,8,75.0
1.9557070749690975,9,75.0
0.019066669642463615,10,75.0
24.711734852134853,11,75.0
1.4256457709712105,12,75.0
0.011406493565846453,13,75.0
2.5714162671370713,14,75.0
