gain,STRANA,counted
4.764858812636496,1,8.0
0.9793710237710828,2,8.0
7.325893227126967,3,8.0
6.212790327517031,4,8.0
14.569943166169539,5,8.0
2.251461609125664,6,8.0
10.639547871283654,7,8.0
21.99785953377637,8,8.0
2.06464337678246,9,8.0
0.01173895739278737,10,8.0
24.73093284078067,11,8.0
1.537159745749044,12,8.0
0.0052155872202428195,13,8.0
2.9085839206679904,14,8.0
