gain,STRANA,counted
6.1124133741518865,1,98.0
0.9078663529155135,2,98.0
7.028142368013721,3,98.0
5.94303292345739,4,98.0
17.116845124140614,5,98.0
1.6533617980212478,6,98.0
9.831315262921612,7,98.0
20.529690194497313,8,98.0
1.9187330457083989,9,98.0
0.019366944261015224,10,98.0
24.966148612419296,11,98.0
1.4347668628715526,12,98.0
0.011135405300521026,13,98.0
2.5271817313199185,14,98.0
