gain,STRANA,counted
6.113831824432802,1,97.0
0.908386628170072,2,97.0
7.03125315392184,3,97.0
5.9570236916302495,4,97.0
17.106160151258536,5,97.0
1.6529760677015406,6,97.0
9.835675886926287,7,97.0
20.523113170215908,8,97.0
1.9069807666263217,9,97.0
0.019409517840255533,10,97.0
24.977678791766408,11,97.0
1.4320120958352172,12,97.0
0.011228901465934023,13,97.0
2.5242693522086266,14,97.0
