gain,STRANA,counted
6.116694665771686,1,96.0
0.9097315990994864,2,96.0
7.042422971473148,3,96.0
5.953587219712817,4,96.0
17.109514397341545,5,96.0
1.6497987987966083,6,96.0
9.867110589670137,7,96.0
20.50873825965615,8,96.0
1.9138934872179907,9,96.0
0.0194092827555305,10,96.0
24.940928329105034,11,96.0
1.439051481766872,12,96.0
0.011122164034282284,13,96.0
2.5179967535987093,14,96.0
