gain,STRANA,counted
6.132673641725199,1,100.0
0.9080893255951803,2,100.0
7.040884657389207,3,100.0
5.943996717395825,4,100.0
17.093143240659032,5,100.0
1.6471386231097673,6,100.0
9.808153521164702,7,100.0
20.542102790828952,8,100.0
1.914771626163799,9,100.0
0.01934113434200068,10,100.0
24.967343122921033,11,100.0
1.4416255843202597,12,100.0
0.011083054108145845,13,100.0
2.529652960276898,14,100.0
