gain,STRANA,counted
6.0740919770487105,1,93.0
0.9114441737042727,2,93.0
7.07458773691562,3,93.0
5.935639878353462,4,93.0
17.118591231898616,5,93.0
1.6552022012896621,6,93.0
9.901901240780553,7,93.0
20.543283251842364,8,93.0
1.9010424220941073,9,93.0
0.019561500892930222,10,93.0
24.883341035416578,11,93.0
1.4406823611156139,12,93.0
0.01145578552447624,13,93.0
2.529175203123036,14,93.0
