gain,STRANA,counted
5.6843389256114305,1,14.0
0.9734110278933983,2,14.0
7.380189431646738,3,14.0
6.277656957727107,4,14.0
15.557462122683708,5,14.0
1.9303238298430114,6,14.0
10.369775505707043,7,14.0
20.955950779786754,8,14.0
1.972779839380782,9,14.0
0.013876578917023145,10,14.0
24.37894311717861,11,14.0
1.5241175811429741,12,14.0
0.00954981714901317,13,14.0
2.97162448533241,14,14.0
