gain,STRANA,counted
6.108787340759136,1,98.0
0.9070372096997397,2,98.0
7.043285348443942,3,98.0
5.9483196050766995,4,98.0
17.113224734011727,5,98.0
1.656670917146126,6,98.0
9.823854763762654,7,98.0
20.520472347646425,8,98.0
1.9166329189695228,9,98.0
0.019522379831550713,10,98.0
24.96360628727467,11,98.0
1.4370306558082098,12,98.0
0.011120137071062752,13,98.0
2.5304353544985285,14,98.0
