gain,STRANA,counted
6.04503053930314,1,79.0
0.9290242452427353,2,79.0
7.167703505110909,3,79.0
6.1243063476880195,4,79.0
16.900723892415247,5,79.0
1.6866182945917272,6,79.0
9.851800013250045,7,79.0
20.66126119418466,8,79.0
1.9282489276190873,9,79.0
0.019184360912806325,10,79.0
24.66445273375015,11,79.0
1.4182208950056887,12,79.0
0.011239044643757929,13,79.0
2.592186006282026,14,79.0
