gain,STRANA,counted
4.927162686678637,1,10.0
1.0107766565952712,2,10.0
7.418475620370893,3,10.0
6.614239512907496,4,10.0
15.10332173170992,5,10.0
2.1258361529414027,6,10.0
10.527450772929695,7,10.0
21.16358910231515,8,10.0
2.0400561187303508,9,10.0
0.012322777791179514,10,10.0
24.417701596844648,11,10.0
1.626439901760587,12,10.0
0.006061036134235576,13,10.0
3.006566332290532,14,10.0
